-- phpMyAdmin SQL Dump
-- version 4.9.0.1
-- https://www.phpmyadmin.net/
--
-- Host: 127.0.0.1
-- Generation Time: Nov 08, 2020 at 02:49 PM
-- Server version: 10.4.6-MariaDB
-- PHP Version: 7.2.21

SET SQL_MODE = "NO_AUTO_VALUE_ON_ZERO";
SET AUTOCOMMIT = 0;
START TRANSACTION;
SET time_zone = "+00:00";


/*!40101 SET @OLD_CHARACTER_SET_CLIENT=@@CHARACTER_SET_CLIENT */;
/*!40101 SET @OLD_CHARACTER_SET_RESULTS=@@CHARACTER_SET_RESULTS */;
/*!40101 SET @OLD_COLLATION_CONNECTION=@@COLLATION_CONNECTION */;
/*!40101 SET NAMES utf8mb4 */;

--
-- Database: `new_flipbook`
--

-- --------------------------------------------------------

--
-- Table structure for table `aktivasis`
--

CREATE TABLE `aktivasis` (
  `id` bigint(20) UNSIGNED NOT NULL,
  `tanggal` date NOT NULL,
  `id_buku` int(11) NOT NULL,
  `total_aktivasi` double NOT NULL,
  `created_at` timestamp NULL DEFAULT NULL,
  `updated_at` timestamp NULL DEFAULT NULL,
  `file` varchar(180) COLLATE utf8mb4_unicode_ci DEFAULT NULL
) ENGINE=InnoDB DEFAULT CHARSET=utf8mb4 COLLATE=utf8mb4_unicode_ci;

--
-- Dumping data for table `aktivasis`
--

INSERT INTO `aktivasis` (`id`, `tanggal`, `id_buku`, `total_aktivasi`, `created_at`, `updated_at`, `file`) VALUES
(1, '2020-11-08', 5, 1000, '2020-11-08 13:48:18', '2020-11-08 13:48:18', 'aktivasi/q01GrkwJN61WP7Y9v0TlX8LbIaM0UqrT0ptYBUtHDlBkeE4Fh88h2cSHol2hcIOil0AJpfh1cXJCtSHNFsXMZ3hsxld28xIQT7ej.pdf');

-- --------------------------------------------------------

--
-- Table structure for table `aktivasi_details`
--

CREATE TABLE `aktivasi_details` (
  `id` bigint(20) UNSIGNED NOT NULL,
  `kode` varchar(255) COLLATE utf8mb4_unicode_ci NOT NULL,
  `id_aktivasi` varchar(255) COLLATE utf8mb4_unicode_ci NOT NULL,
  `status` tinyint(1) NOT NULL DEFAULT 0,
  `id_user` int(11) DEFAULT NULL,
  `created_at` timestamp NULL DEFAULT NULL,
  `updated_at` timestamp NULL DEFAULT NULL
) ENGINE=InnoDB DEFAULT CHARSET=utf8mb4 COLLATE=utf8mb4_unicode_ci;

--
-- Dumping data for table `aktivasi_details`
--

INSERT INTO `aktivasi_details` (`id`, `kode`, `id_aktivasi`, `status`, `id_user`, `created_at`, `updated_at`) VALUES
(1, '20201108XZCNZBAYPI', '1', 0, NULL, '2020-11-08 13:48:18', '2020-11-08 13:48:18'),
(2, '20201108DYG4KXQR1M', '1', 0, NULL, '2020-11-08 13:48:18', '2020-11-08 13:48:18'),
(3, '20201108AUFJBU3UJD', '1', 0, NULL, '2020-11-08 13:48:18', '2020-11-08 13:48:18'),
(4, '20201108VTL7HUQTEG', '1', 0, NULL, '2020-11-08 13:48:18', '2020-11-08 13:48:18'),
(5, '20201108002DDFHBQD', '1', 0, NULL, '2020-11-08 13:48:18', '2020-11-08 13:48:18'),
(6, '20201108MVELJDO4FI', '1', 0, NULL, '2020-11-08 13:48:18', '2020-11-08 13:48:18'),
(7, '20201108JSE58Z66PH', '1', 0, NULL, '2020-11-08 13:48:18', '2020-11-08 13:48:18'),
(8, '20201108KJ2UEYCJEQ', '1', 0, NULL, '2020-11-08 13:48:18', '2020-11-08 13:48:18'),
(9, '20201108KBKVLQO5FB', '1', 0, NULL, '2020-11-08 13:48:18', '2020-11-08 13:48:18'),
(10, '20201108YVVQEGC9FZ', '1', 0, NULL, '2020-11-08 13:48:18', '2020-11-08 13:48:18'),
(11, '20201108ZXW8CDD7BX', '1', 0, NULL, '2020-11-08 13:48:18', '2020-11-08 13:48:18'),
(12, '20201108UFDXQ5JEO3', '1', 0, NULL, '2020-11-08 13:48:18', '2020-11-08 13:48:18'),
(13, '20201108RSY2E5FT5Q', '1', 0, NULL, '2020-11-08 13:48:18', '2020-11-08 13:48:18'),
(14, '20201108PQ7JUBCEDG', '1', 0, NULL, '2020-11-08 13:48:18', '2020-11-08 13:48:18'),
(15, '202011086YQZY5DPSA', '1', 0, NULL, '2020-11-08 13:48:18', '2020-11-08 13:48:18'),
(16, '20201108GT3AVHBZQ3', '1', 0, NULL, '2020-11-08 13:48:18', '2020-11-08 13:48:18'),
(17, '20201108WOTLXAC6E9', '1', 0, NULL, '2020-11-08 13:48:18', '2020-11-08 13:48:18'),
(18, '20201108AOJL211MNX', '1', 0, NULL, '2020-11-08 13:48:18', '2020-11-08 13:48:18'),
(19, '202011081D6T2FJX6Q', '1', 0, NULL, '2020-11-08 13:48:18', '2020-11-08 13:48:18'),
(20, '20201108SCBWO6GDYR', '1', 0, NULL, '2020-11-08 13:48:18', '2020-11-08 13:48:18'),
(21, '20201108F8BYINPLJ2', '1', 0, NULL, '2020-11-08 13:48:18', '2020-11-08 13:48:18'),
(22, '20201108LEVSW2BVP3', '1', 0, NULL, '2020-11-08 13:48:18', '2020-11-08 13:48:18'),
(23, '20201108PQ00I0AQDO', '1', 0, NULL, '2020-11-08 13:48:18', '2020-11-08 13:48:18'),
(24, '20201108BNWQ5LNNBL', '1', 0, NULL, '2020-11-08 13:48:18', '2020-11-08 13:48:18'),
(25, '20201108C8PNOOJVEA', '1', 0, NULL, '2020-11-08 13:48:18', '2020-11-08 13:48:18'),
(26, '20201108EXP6BSYCGX', '1', 0, NULL, '2020-11-08 13:48:18', '2020-11-08 13:48:18'),
(27, '202011084ZJAW3UZ5W', '1', 0, NULL, '2020-11-08 13:48:18', '2020-11-08 13:48:18'),
(28, '20201108LHWZAJBQIB', '1', 0, NULL, '2020-11-08 13:48:18', '2020-11-08 13:48:18'),
(29, '20201108S0XP69NKIJ', '1', 0, NULL, '2020-11-08 13:48:18', '2020-11-08 13:48:18'),
(30, '20201108TGUZ4R3CKR', '1', 0, NULL, '2020-11-08 13:48:18', '2020-11-08 13:48:18'),
(31, '20201108TZKY4EKNHY', '1', 0, NULL, '2020-11-08 13:48:18', '2020-11-08 13:48:18'),
(32, '20201108FNK2ZKNZFZ', '1', 0, NULL, '2020-11-08 13:48:18', '2020-11-08 13:48:18'),
(33, '202011080JFWMO9XNA', '1', 0, NULL, '2020-11-08 13:48:18', '2020-11-08 13:48:18'),
(34, '20201108KI7V5R4WRM', '1', 0, NULL, '2020-11-08 13:48:18', '2020-11-08 13:48:18'),
(35, '20201108CQOGSLLVJJ', '1', 0, NULL, '2020-11-08 13:48:18', '2020-11-08 13:48:18'),
(36, '202011082KOUD6E10C', '1', 0, NULL, '2020-11-08 13:48:18', '2020-11-08 13:48:18'),
(37, '202011084AUNI3SIG9', '1', 0, NULL, '2020-11-08 13:48:18', '2020-11-08 13:48:18'),
(38, '20201108DZQKR16TDA', '1', 0, NULL, '2020-11-08 13:48:18', '2020-11-08 13:48:18'),
(39, '20201108BMXQHE19NO', '1', 0, NULL, '2020-11-08 13:48:18', '2020-11-08 13:48:18'),
(40, '20201108EU1RQXN3YK', '1', 0, NULL, '2020-11-08 13:48:18', '2020-11-08 13:48:18'),
(41, '20201108UHHBUXJZL5', '1', 0, NULL, '2020-11-08 13:48:18', '2020-11-08 13:48:18'),
(42, '20201108JOB14V0L7L', '1', 0, NULL, '2020-11-08 13:48:18', '2020-11-08 13:48:18'),
(43, '20201108MN5YZYFAY9', '1', 0, NULL, '2020-11-08 13:48:18', '2020-11-08 13:48:18'),
(44, '20201108CUQQA6THRU', '1', 0, NULL, '2020-11-08 13:48:18', '2020-11-08 13:48:18'),
(45, '20201108BM6E71QAFS', '1', 0, NULL, '2020-11-08 13:48:18', '2020-11-08 13:48:18'),
(46, '202011082IOUXCCB5E', '1', 0, NULL, '2020-11-08 13:48:18', '2020-11-08 13:48:18'),
(47, '20201108BZQX4GR6RP', '1', 0, NULL, '2020-11-08 13:48:18', '2020-11-08 13:48:18'),
(48, '20201108XWNFRWS8KM', '1', 0, NULL, '2020-11-08 13:48:18', '2020-11-08 13:48:18'),
(49, '20201108MG33Q9ZEOW', '1', 0, NULL, '2020-11-08 13:48:18', '2020-11-08 13:48:18'),
(50, '20201108R2GKCMI9GZ', '1', 0, NULL, '2020-11-08 13:48:18', '2020-11-08 13:48:18'),
(51, '202011086RLRKHGO9Y', '1', 0, NULL, '2020-11-08 13:48:18', '2020-11-08 13:48:18'),
(52, '20201108Y3BZJXHYCH', '1', 0, NULL, '2020-11-08 13:48:18', '2020-11-08 13:48:18'),
(53, '20201108VJNK0UJE09', '1', 0, NULL, '2020-11-08 13:48:18', '2020-11-08 13:48:18'),
(54, '202011082ZW9DLZVQN', '1', 0, NULL, '2020-11-08 13:48:18', '2020-11-08 13:48:18'),
(55, '20201108AHZP8D6EKF', '1', 0, NULL, '2020-11-08 13:48:18', '2020-11-08 13:48:18'),
(56, '20201108A35K7WL7IA', '1', 0, NULL, '2020-11-08 13:48:18', '2020-11-08 13:48:18'),
(57, '20201108YQZSMFBDJ3', '1', 0, NULL, '2020-11-08 13:48:18', '2020-11-08 13:48:18'),
(58, '202011080GUDI2YXXA', '1', 0, NULL, '2020-11-08 13:48:18', '2020-11-08 13:48:18'),
(59, '20201108SJF7TMYXID', '1', 0, NULL, '2020-11-08 13:48:18', '2020-11-08 13:48:18'),
(60, '20201108CNYURUGUBU', '1', 0, NULL, '2020-11-08 13:48:18', '2020-11-08 13:48:18'),
(61, '20201108RIP4BPHG0W', '1', 0, NULL, '2020-11-08 13:48:18', '2020-11-08 13:48:18'),
(62, '20201108EG5MPJAWHL', '1', 0, NULL, '2020-11-08 13:48:18', '2020-11-08 13:48:18'),
(63, '20201108MOLGDBVKXI', '1', 0, NULL, '2020-11-08 13:48:18', '2020-11-08 13:48:18'),
(64, '2020110854LDEQRFFH', '1', 0, NULL, '2020-11-08 13:48:18', '2020-11-08 13:48:18'),
(65, '20201108XF2FLKSUC2', '1', 0, NULL, '2020-11-08 13:48:18', '2020-11-08 13:48:18'),
(66, '20201108ZL9NQXPBGH', '1', 0, NULL, '2020-11-08 13:48:18', '2020-11-08 13:48:18'),
(67, '20201108SMRJN83IJT', '1', 0, NULL, '2020-11-08 13:48:18', '2020-11-08 13:48:18'),
(68, '20201108YBJP8D1GQF', '1', 0, NULL, '2020-11-08 13:48:18', '2020-11-08 13:48:18'),
(69, '20201108GSZAAINBTL', '1', 0, NULL, '2020-11-08 13:48:18', '2020-11-08 13:48:18'),
(70, '20201108LZDHETTPNA', '1', 0, NULL, '2020-11-08 13:48:18', '2020-11-08 13:48:18'),
(71, '20201108N4DZQZ0EC4', '1', 0, NULL, '2020-11-08 13:48:18', '2020-11-08 13:48:18'),
(72, '20201108DDHWCEH8OY', '1', 0, NULL, '2020-11-08 13:48:18', '2020-11-08 13:48:18'),
(73, '20201108W2IT9V0PSR', '1', 0, NULL, '2020-11-08 13:48:18', '2020-11-08 13:48:18'),
(74, '20201108OCSD6BOEKL', '1', 0, NULL, '2020-11-08 13:48:18', '2020-11-08 13:48:18'),
(75, '20201108NA4UJWXXMZ', '1', 0, NULL, '2020-11-08 13:48:18', '2020-11-08 13:48:18'),
(76, '20201108C1ETKTOVDH', '1', 0, NULL, '2020-11-08 13:48:18', '2020-11-08 13:48:18'),
(77, '20201108ZSJ6LZ6DJR', '1', 0, NULL, '2020-11-08 13:48:18', '2020-11-08 13:48:18'),
(78, '20201108JEFLUXXDQN', '1', 0, NULL, '2020-11-08 13:48:18', '2020-11-08 13:48:18'),
(79, '20201108CACLDLXOCW', '1', 0, NULL, '2020-11-08 13:48:18', '2020-11-08 13:48:18'),
(80, '20201108WECUC6IB6P', '1', 0, NULL, '2020-11-08 13:48:18', '2020-11-08 13:48:18'),
(81, '202011084TUHNJGVPL', '1', 0, NULL, '2020-11-08 13:48:18', '2020-11-08 13:48:18'),
(82, '20201108H9ERFHVERG', '1', 0, NULL, '2020-11-08 13:48:18', '2020-11-08 13:48:18'),
(83, '20201108W77CTD6D1F', '1', 0, NULL, '2020-11-08 13:48:18', '2020-11-08 13:48:18'),
(84, '20201108XFZ6TQIB8E', '1', 0, NULL, '2020-11-08 13:48:18', '2020-11-08 13:48:18'),
(85, '20201108B48CAEHQC1', '1', 0, NULL, '2020-11-08 13:48:18', '2020-11-08 13:48:18'),
(86, '20201108J61DMI84GG', '1', 0, NULL, '2020-11-08 13:48:18', '2020-11-08 13:48:18'),
(87, '20201108UQGHGLOBFA', '1', 0, NULL, '2020-11-08 13:48:18', '2020-11-08 13:48:18'),
(88, '20201108LWKCGQKPN3', '1', 0, NULL, '2020-11-08 13:48:18', '2020-11-08 13:48:18'),
(89, '20201108TUESUHYT5T', '1', 0, NULL, '2020-11-08 13:48:18', '2020-11-08 13:48:18'),
(90, '20201108OHALA4CFF4', '1', 0, NULL, '2020-11-08 13:48:18', '2020-11-08 13:48:18'),
(91, '20201108JJL60RWAUE', '1', 0, NULL, '2020-11-08 13:48:18', '2020-11-08 13:48:18'),
(92, '20201108HOK7QK4HNS', '1', 0, NULL, '2020-11-08 13:48:18', '2020-11-08 13:48:18'),
(93, '20201108EEKGYBPTQS', '1', 0, NULL, '2020-11-08 13:48:18', '2020-11-08 13:48:18'),
(94, '20201108LEN2PHRHNG', '1', 0, NULL, '2020-11-08 13:48:18', '2020-11-08 13:48:18'),
(95, '20201108P1RJNPY03T', '1', 0, NULL, '2020-11-08 13:48:18', '2020-11-08 13:48:18'),
(96, '20201108YJQ0GXEPZT', '1', 0, NULL, '2020-11-08 13:48:18', '2020-11-08 13:48:18'),
(97, '202011086NGWDCMXHV', '1', 0, NULL, '2020-11-08 13:48:18', '2020-11-08 13:48:18'),
(98, '20201108QGUHHWXDRZ', '1', 0, NULL, '2020-11-08 13:48:18', '2020-11-08 13:48:18'),
(99, '20201108EJVXYP3CRD', '1', 0, NULL, '2020-11-08 13:48:18', '2020-11-08 13:48:18'),
(100, '20201108044T8ZZYV5', '1', 0, NULL, '2020-11-08 13:48:18', '2020-11-08 13:48:18'),
(101, '20201108HUOXLOAFJD', '1', 0, NULL, '2020-11-08 13:48:18', '2020-11-08 13:48:18'),
(102, '20201108M9GQEUMUX4', '1', 0, NULL, '2020-11-08 13:48:18', '2020-11-08 13:48:18'),
(103, '20201108LBSVXYUGOM', '1', 0, NULL, '2020-11-08 13:48:18', '2020-11-08 13:48:18'),
(104, '20201108ILY9XPAJE3', '1', 0, NULL, '2020-11-08 13:48:18', '2020-11-08 13:48:18'),
(105, '20201108BJ8EMINNXJ', '1', 0, NULL, '2020-11-08 13:48:18', '2020-11-08 13:48:18'),
(106, '202011087ACEDIFUUC', '1', 0, NULL, '2020-11-08 13:48:18', '2020-11-08 13:48:18'),
(107, '20201108JGLWLJYLVZ', '1', 0, NULL, '2020-11-08 13:48:18', '2020-11-08 13:48:18'),
(108, '202011081YSA5WYCCU', '1', 0, NULL, '2020-11-08 13:48:18', '2020-11-08 13:48:18'),
(109, '20201108AVPSEL8FS9', '1', 0, NULL, '2020-11-08 13:48:18', '2020-11-08 13:48:18'),
(110, '202011084GCV8K2ADS', '1', 0, NULL, '2020-11-08 13:48:18', '2020-11-08 13:48:18'),
(111, '20201108A643DOGDYJ', '1', 0, NULL, '2020-11-08 13:48:18', '2020-11-08 13:48:18'),
(112, '20201108V1JRWSEZUI', '1', 0, NULL, '2020-11-08 13:48:18', '2020-11-08 13:48:18'),
(113, '202011082AZXY0UACX', '1', 0, NULL, '2020-11-08 13:48:18', '2020-11-08 13:48:18'),
(114, '202011082PIWJR2TLA', '1', 0, NULL, '2020-11-08 13:48:18', '2020-11-08 13:48:18'),
(115, '20201108BSA3YZOOJ4', '1', 0, NULL, '2020-11-08 13:48:18', '2020-11-08 13:48:18'),
(116, '20201108BPO0ZTNYHF', '1', 0, NULL, '2020-11-08 13:48:18', '2020-11-08 13:48:18'),
(117, '20201108R9BQJVQPIA', '1', 0, NULL, '2020-11-08 13:48:18', '2020-11-08 13:48:18'),
(118, '20201108GOUPF6HYYD', '1', 0, NULL, '2020-11-08 13:48:18', '2020-11-08 13:48:18'),
(119, '202011083R4IGEO7NJ', '1', 0, NULL, '2020-11-08 13:48:18', '2020-11-08 13:48:18'),
(120, '20201108WNUKVKHN12', '1', 0, NULL, '2020-11-08 13:48:18', '2020-11-08 13:48:18'),
(121, '20201108U4GOJ4FVBJ', '1', 0, NULL, '2020-11-08 13:48:18', '2020-11-08 13:48:18'),
(122, '20201108S4KGKN3VIJ', '1', 0, NULL, '2020-11-08 13:48:18', '2020-11-08 13:48:18'),
(123, '20201108M5BHWUNKCJ', '1', 0, NULL, '2020-11-08 13:48:18', '2020-11-08 13:48:18'),
(124, '20201108KTJGXJFU9T', '1', 0, NULL, '2020-11-08 13:48:18', '2020-11-08 13:48:18'),
(125, '20201108TJMHRSWU6V', '1', 0, NULL, '2020-11-08 13:48:18', '2020-11-08 13:48:18'),
(126, '202011081VNVIMDI1J', '1', 0, NULL, '2020-11-08 13:48:18', '2020-11-08 13:48:18'),
(127, '202011086WJWYSSVOT', '1', 0, NULL, '2020-11-08 13:48:18', '2020-11-08 13:48:18'),
(128, '20201108GOHO2MORHC', '1', 0, NULL, '2020-11-08 13:48:18', '2020-11-08 13:48:18'),
(129, '202011080XVRPQZLVW', '1', 0, NULL, '2020-11-08 13:48:18', '2020-11-08 13:48:18'),
(130, '20201108ACQFNYBQ3B', '1', 0, NULL, '2020-11-08 13:48:18', '2020-11-08 13:48:18'),
(131, '20201108P0RKJBR6HF', '1', 0, NULL, '2020-11-08 13:48:18', '2020-11-08 13:48:18'),
(132, '202011088RUADRS3JZ', '1', 0, NULL, '2020-11-08 13:48:18', '2020-11-08 13:48:18'),
(133, '20201108QCNYIAEQIN', '1', 0, NULL, '2020-11-08 13:48:18', '2020-11-08 13:48:18'),
(134, '202011081OLTIM7D95', '1', 0, NULL, '2020-11-08 13:48:18', '2020-11-08 13:48:18'),
(135, '202011083LVBXRGCKF', '1', 0, NULL, '2020-11-08 13:48:18', '2020-11-08 13:48:18'),
(136, '202011080AVKXCTTE2', '1', 0, NULL, '2020-11-08 13:48:18', '2020-11-08 13:48:18'),
(137, '20201108NKSLUXVQVJ', '1', 0, NULL, '2020-11-08 13:48:18', '2020-11-08 13:48:18'),
(138, '20201108O67F23WJWU', '1', 0, NULL, '2020-11-08 13:48:18', '2020-11-08 13:48:18'),
(139, '20201108SO6YIHXLHN', '1', 0, NULL, '2020-11-08 13:48:18', '2020-11-08 13:48:18'),
(140, '202011087EAGFRUOMJ', '1', 0, NULL, '2020-11-08 13:48:18', '2020-11-08 13:48:18'),
(141, '202011084PF4KAT9YZ', '1', 0, NULL, '2020-11-08 13:48:18', '2020-11-08 13:48:18'),
(142, '20201108NQQUHGI66L', '1', 0, NULL, '2020-11-08 13:48:18', '2020-11-08 13:48:18'),
(143, '20201108YLDMX37OQV', '1', 0, NULL, '2020-11-08 13:48:18', '2020-11-08 13:48:18'),
(144, '202011085JVJZ1YXCS', '1', 0, NULL, '2020-11-08 13:48:18', '2020-11-08 13:48:18'),
(145, '20201108Z2LYXDTQBN', '1', 0, NULL, '2020-11-08 13:48:18', '2020-11-08 13:48:18'),
(146, '202011084XQ2SZQR8T', '1', 0, NULL, '2020-11-08 13:48:18', '2020-11-08 13:48:18'),
(147, '202011087PMQUT63LG', '1', 0, NULL, '2020-11-08 13:48:18', '2020-11-08 13:48:18'),
(148, '20201108DDE9GGQ9MH', '1', 0, NULL, '2020-11-08 13:48:18', '2020-11-08 13:48:18'),
(149, '20201108AH6V9CVTNU', '1', 0, NULL, '2020-11-08 13:48:18', '2020-11-08 13:48:18'),
(150, '20201108AOOSJQTWDW', '1', 0, NULL, '2020-11-08 13:48:18', '2020-11-08 13:48:18'),
(151, '20201108K61Y3RFX8F', '1', 0, NULL, '2020-11-08 13:48:18', '2020-11-08 13:48:18'),
(152, '20201108IPGSJQLLN5', '1', 0, NULL, '2020-11-08 13:48:18', '2020-11-08 13:48:18'),
(153, '20201108RMRPIEYSHY', '1', 0, NULL, '2020-11-08 13:48:18', '2020-11-08 13:48:18'),
(154, '20201108VCTSD7SQTA', '1', 0, NULL, '2020-11-08 13:48:18', '2020-11-08 13:48:18'),
(155, '202011083CSTMVHUEU', '1', 0, NULL, '2020-11-08 13:48:18', '2020-11-08 13:48:18'),
(156, '202011088RJQDEGTEZ', '1', 0, NULL, '2020-11-08 13:48:18', '2020-11-08 13:48:18'),
(157, '20201108X1FCFJVEGZ', '1', 0, NULL, '2020-11-08 13:48:18', '2020-11-08 13:48:18'),
(158, '20201108LSVKTC1CBT', '1', 0, NULL, '2020-11-08 13:48:18', '2020-11-08 13:48:18'),
(159, '20201108740IBRYIQB', '1', 0, NULL, '2020-11-08 13:48:18', '2020-11-08 13:48:18'),
(160, '20201108XCAERLANOD', '1', 0, NULL, '2020-11-08 13:48:18', '2020-11-08 13:48:18'),
(161, '20201108TFXQ2FXFMQ', '1', 0, NULL, '2020-11-08 13:48:18', '2020-11-08 13:48:18'),
(162, '20201108OCBE1W7BHS', '1', 0, NULL, '2020-11-08 13:48:18', '2020-11-08 13:48:18'),
(163, '20201108FG6QK4LIGY', '1', 0, NULL, '2020-11-08 13:48:18', '2020-11-08 13:48:18'),
(164, '20201108XILJ4EEFAD', '1', 0, NULL, '2020-11-08 13:48:18', '2020-11-08 13:48:18'),
(165, '20201108MGFPCMSBPU', '1', 0, NULL, '2020-11-08 13:48:18', '2020-11-08 13:48:18'),
(166, '20201108U8HOC4R2FY', '1', 0, NULL, '2020-11-08 13:48:18', '2020-11-08 13:48:18'),
(167, '20201108HRLEGQP8PY', '1', 0, NULL, '2020-11-08 13:48:18', '2020-11-08 13:48:18'),
(168, '20201108SKHQVPTF1G', '1', 0, NULL, '2020-11-08 13:48:18', '2020-11-08 13:48:18'),
(169, '20201108UDERMZA0AP', '1', 0, NULL, '2020-11-08 13:48:18', '2020-11-08 13:48:18'),
(170, '202011080WK9CIE8LD', '1', 0, NULL, '2020-11-08 13:48:18', '2020-11-08 13:48:18'),
(171, '20201108ROZUPKHAWS', '1', 0, NULL, '2020-11-08 13:48:18', '2020-11-08 13:48:18'),
(172, '20201108Q1RXYTYF38', '1', 0, NULL, '2020-11-08 13:48:18', '2020-11-08 13:48:18'),
(173, '20201108V1ND5JAYJZ', '1', 0, NULL, '2020-11-08 13:48:18', '2020-11-08 13:48:18'),
(174, '20201108JXWPJP7MGV', '1', 0, NULL, '2020-11-08 13:48:18', '2020-11-08 13:48:18'),
(175, '20201108OSWWBEZYII', '1', 0, NULL, '2020-11-08 13:48:18', '2020-11-08 13:48:18'),
(176, '20201108YYVZAYM4ZL', '1', 0, NULL, '2020-11-08 13:48:18', '2020-11-08 13:48:18'),
(177, '20201108PIDESVBZOU', '1', 0, NULL, '2020-11-08 13:48:18', '2020-11-08 13:48:18'),
(178, '20201108JWGBIO2NBT', '1', 0, NULL, '2020-11-08 13:48:18', '2020-11-08 13:48:18'),
(179, '20201108TW8EGNB83L', '1', 0, NULL, '2020-11-08 13:48:18', '2020-11-08 13:48:18'),
(180, '202011086MWIDNQZFX', '1', 0, NULL, '2020-11-08 13:48:18', '2020-11-08 13:48:18'),
(181, '20201108JU8IYOAADJ', '1', 0, NULL, '2020-11-08 13:48:18', '2020-11-08 13:48:18'),
(182, '20201108ONW40EZYS6', '1', 0, NULL, '2020-11-08 13:48:18', '2020-11-08 13:48:18'),
(183, '20201108VQXSRAMFQX', '1', 0, NULL, '2020-11-08 13:48:18', '2020-11-08 13:48:18'),
(184, '20201108IHDCRWBGCH', '1', 0, NULL, '2020-11-08 13:48:18', '2020-11-08 13:48:18'),
(185, '202011082ELJCX5UTS', '1', 0, NULL, '2020-11-08 13:48:18', '2020-11-08 13:48:18'),
(186, '202011082CXRRAMH0P', '1', 0, NULL, '2020-11-08 13:48:18', '2020-11-08 13:48:18'),
(187, '20201108CX8HAQNPAK', '1', 0, NULL, '2020-11-08 13:48:18', '2020-11-08 13:48:18'),
(188, '20201108SVPW5BQY2O', '1', 0, NULL, '2020-11-08 13:48:18', '2020-11-08 13:48:18'),
(189, '20201108WERUDVBLQF', '1', 0, NULL, '2020-11-08 13:48:18', '2020-11-08 13:48:18'),
(190, '20201108MQSDRQZL82', '1', 0, NULL, '2020-11-08 13:48:18', '2020-11-08 13:48:18'),
(191, '20201108YFHFAHA5EK', '1', 0, NULL, '2020-11-08 13:48:18', '2020-11-08 13:48:18'),
(192, '20201108ADJ7ADTUDA', '1', 0, NULL, '2020-11-08 13:48:18', '2020-11-08 13:48:18'),
(193, '20201108FW9L8K5CBY', '1', 0, NULL, '2020-11-08 13:48:18', '2020-11-08 13:48:18'),
(194, '20201108D2QIDP3IGN', '1', 0, NULL, '2020-11-08 13:48:18', '2020-11-08 13:48:18'),
(195, '202011086Y9RHTJWBB', '1', 0, NULL, '2020-11-08 13:48:18', '2020-11-08 13:48:18'),
(196, '20201108SLZAR43WQR', '1', 0, NULL, '2020-11-08 13:48:18', '2020-11-08 13:48:18'),
(197, '20201108TBNY2RJF05', '1', 0, NULL, '2020-11-08 13:48:18', '2020-11-08 13:48:18'),
(198, '20201108SHFLJCKOFP', '1', 0, NULL, '2020-11-08 13:48:18', '2020-11-08 13:48:18'),
(199, '20201108MHVJFBQEMF', '1', 0, NULL, '2020-11-08 13:48:18', '2020-11-08 13:48:18'),
(200, '20201108XMGEFD7VES', '1', 0, NULL, '2020-11-08 13:48:18', '2020-11-08 13:48:18'),
(201, '20201108IKKELFAEFN', '1', 0, NULL, '2020-11-08 13:48:18', '2020-11-08 13:48:18'),
(202, '20201108EA1UUOMJS4', '1', 0, NULL, '2020-11-08 13:48:18', '2020-11-08 13:48:18'),
(203, '20201108KTKH7POR5K', '1', 0, NULL, '2020-11-08 13:48:18', '2020-11-08 13:48:18'),
(204, '20201108ABSQG5SOVP', '1', 0, NULL, '2020-11-08 13:48:18', '2020-11-08 13:48:18'),
(205, '20201108ZYTNY8WDLO', '1', 0, NULL, '2020-11-08 13:48:18', '2020-11-08 13:48:18'),
(206, '20201108USJXT9Q7BT', '1', 0, NULL, '2020-11-08 13:48:18', '2020-11-08 13:48:18'),
(207, '20201108R8OCSA6EG0', '1', 0, NULL, '2020-11-08 13:48:18', '2020-11-08 13:48:18'),
(208, '20201108FPSPSBJ1YK', '1', 0, NULL, '2020-11-08 13:48:18', '2020-11-08 13:48:18'),
(209, '20201108HVPIKHYHRM', '1', 0, NULL, '2020-11-08 13:48:18', '2020-11-08 13:48:18'),
(210, '20201108YOL46RVTH6', '1', 0, NULL, '2020-11-08 13:48:18', '2020-11-08 13:48:18'),
(211, '20201108UEWLLZAZJ0', '1', 0, NULL, '2020-11-08 13:48:18', '2020-11-08 13:48:18'),
(212, '20201108FBY7EJ8EQM', '1', 0, NULL, '2020-11-08 13:48:18', '2020-11-08 13:48:18'),
(213, '20201108MRWD0SKJVF', '1', 0, NULL, '2020-11-08 13:48:18', '2020-11-08 13:48:18'),
(214, '20201108ZCBOD0VJ0V', '1', 0, NULL, '2020-11-08 13:48:18', '2020-11-08 13:48:18'),
(215, '20201108GCPEAHRFCD', '1', 0, NULL, '2020-11-08 13:48:18', '2020-11-08 13:48:18'),
(216, '20201108UAGQG5JXBK', '1', 0, NULL, '2020-11-08 13:48:18', '2020-11-08 13:48:18'),
(217, '20201108SHJPFFP5NG', '1', 0, NULL, '2020-11-08 13:48:18', '2020-11-08 13:48:18'),
(218, '20201108WUQSKX3FW3', '1', 0, NULL, '2020-11-08 13:48:18', '2020-11-08 13:48:18'),
(219, '20201108MQFJPLCBNT', '1', 0, NULL, '2020-11-08 13:48:18', '2020-11-08 13:48:18'),
(220, '20201108RHJZF9LZUT', '1', 0, NULL, '2020-11-08 13:48:18', '2020-11-08 13:48:18'),
(221, '20201108RZUXQBFNVT', '1', 0, NULL, '2020-11-08 13:48:18', '2020-11-08 13:48:18'),
(222, '20201108K4DSB36QTC', '1', 0, NULL, '2020-11-08 13:48:18', '2020-11-08 13:48:18'),
(223, '20201108BKFKONXTJY', '1', 0, NULL, '2020-11-08 13:48:18', '2020-11-08 13:48:18'),
(224, '20201108NHISHSHBWP', '1', 0, NULL, '2020-11-08 13:48:18', '2020-11-08 13:48:18'),
(225, '20201108D9S4JPXIQB', '1', 0, NULL, '2020-11-08 13:48:18', '2020-11-08 13:48:18'),
(226, '20201108WE7ZH6GFVY', '1', 0, NULL, '2020-11-08 13:48:18', '2020-11-08 13:48:18'),
(227, '20201108IQW1FRXNDR', '1', 0, NULL, '2020-11-08 13:48:18', '2020-11-08 13:48:18'),
(228, '2020110895GZXQQWIR', '1', 0, NULL, '2020-11-08 13:48:18', '2020-11-08 13:48:18'),
(229, '20201108VPOKRQHQLI', '1', 0, NULL, '2020-11-08 13:48:18', '2020-11-08 13:48:18'),
(230, '20201108HPMD2EELQB', '1', 0, NULL, '2020-11-08 13:48:18', '2020-11-08 13:48:18'),
(231, '20201108YEJFMTPCPO', '1', 0, NULL, '2020-11-08 13:48:18', '2020-11-08 13:48:18'),
(232, '20201108EGYFKKDZI4', '1', 0, NULL, '2020-11-08 13:48:18', '2020-11-08 13:48:18'),
(233, '20201108XJXVVMQQ7E', '1', 0, NULL, '2020-11-08 13:48:18', '2020-11-08 13:48:18'),
(234, '20201108JBQ2Q7XSFU', '1', 0, NULL, '2020-11-08 13:48:18', '2020-11-08 13:48:18'),
(235, '20201108CMFF8JNXDA', '1', 0, NULL, '2020-11-08 13:48:18', '2020-11-08 13:48:18'),
(236, '20201108WHY3CLP5CU', '1', 0, NULL, '2020-11-08 13:48:18', '2020-11-08 13:48:18'),
(237, '20201108J3VD7DXMIS', '1', 0, NULL, '2020-11-08 13:48:18', '2020-11-08 13:48:18'),
(238, '20201108JKZW0VEEWD', '1', 0, NULL, '2020-11-08 13:48:18', '2020-11-08 13:48:18'),
(239, '20201108GRNNCTK19M', '1', 0, NULL, '2020-11-08 13:48:18', '2020-11-08 13:48:18'),
(240, '20201108XIJY9WUKNM', '1', 0, NULL, '2020-11-08 13:48:18', '2020-11-08 13:48:18'),
(241, '20201108ZEFNYSLVZH', '1', 0, NULL, '2020-11-08 13:48:18', '2020-11-08 13:48:18'),
(242, '20201108FD3EJZIYJX', '1', 0, NULL, '2020-11-08 13:48:18', '2020-11-08 13:48:18'),
(243, '20201108DIYWXVAN2E', '1', 0, NULL, '2020-11-08 13:48:18', '2020-11-08 13:48:18'),
(244, '20201108WSDGXVZJUK', '1', 0, NULL, '2020-11-08 13:48:18', '2020-11-08 13:48:18'),
(245, '20201108DCOHWJJOF5', '1', 0, NULL, '2020-11-08 13:48:18', '2020-11-08 13:48:18'),
(246, '20201108LITQ3TNSEG', '1', 0, NULL, '2020-11-08 13:48:18', '2020-11-08 13:48:18'),
(247, '20201108MU6KYMYYSW', '1', 0, NULL, '2020-11-08 13:48:18', '2020-11-08 13:48:18'),
(248, '20201108RFFL9ICAKZ', '1', 0, NULL, '2020-11-08 13:48:18', '2020-11-08 13:48:18'),
(249, '20201108AVQEBHQQGP', '1', 0, NULL, '2020-11-08 13:48:18', '2020-11-08 13:48:18'),
(250, '20201108IYNQ9RLARO', '1', 0, NULL, '2020-11-08 13:48:18', '2020-11-08 13:48:18'),
(251, '20201108QV25CMSF29', '1', 0, NULL, '2020-11-08 13:48:18', '2020-11-08 13:48:18'),
(252, '20201108ECYPPFJC5V', '1', 0, NULL, '2020-11-08 13:48:18', '2020-11-08 13:48:18'),
(253, '20201108YHDTX1AIRL', '1', 0, NULL, '2020-11-08 13:48:18', '2020-11-08 13:48:18'),
(254, '20201108HBOEHUVXWN', '1', 0, NULL, '2020-11-08 13:48:18', '2020-11-08 13:48:18'),
(255, '202011088PA9GOXYQ6', '1', 0, NULL, '2020-11-08 13:48:18', '2020-11-08 13:48:18'),
(256, '20201108JNMYHQI9MG', '1', 0, NULL, '2020-11-08 13:48:18', '2020-11-08 13:48:18'),
(257, '20201108NNVHVU5DNN', '1', 0, NULL, '2020-11-08 13:48:18', '2020-11-08 13:48:18'),
(258, '20201108CTRJNC29K4', '1', 0, NULL, '2020-11-08 13:48:18', '2020-11-08 13:48:18'),
(259, '20201108JP4WO12YTU', '1', 0, NULL, '2020-11-08 13:48:18', '2020-11-08 13:48:18'),
(260, '202011087E4KEUW8VG', '1', 0, NULL, '2020-11-08 13:48:18', '2020-11-08 13:48:18'),
(261, '2020110868SVDYUIXE', '1', 0, NULL, '2020-11-08 13:48:18', '2020-11-08 13:48:18'),
(262, '20201108CO2APMYYJT', '1', 0, NULL, '2020-11-08 13:48:18', '2020-11-08 13:48:18'),
(263, '20201108AFH5TLC8CO', '1', 0, NULL, '2020-11-08 13:48:18', '2020-11-08 13:48:18'),
(264, '20201108VYZWVAYF2A', '1', 0, NULL, '2020-11-08 13:48:18', '2020-11-08 13:48:18'),
(265, '20201108LRRTFYHMO1', '1', 0, NULL, '2020-11-08 13:48:18', '2020-11-08 13:48:18'),
(266, '20201108ZOAE4CAJS7', '1', 0, NULL, '2020-11-08 13:48:18', '2020-11-08 13:48:18'),
(267, '20201108SL2RMXVQXI', '1', 0, NULL, '2020-11-08 13:48:18', '2020-11-08 13:48:18'),
(268, '202011080V8GCK55N2', '1', 0, NULL, '2020-11-08 13:48:18', '2020-11-08 13:48:18'),
(269, '20201108Z7LPNQAPAP', '1', 0, NULL, '2020-11-08 13:48:18', '2020-11-08 13:48:18'),
(270, '20201108MCYVULXSCR', '1', 0, NULL, '2020-11-08 13:48:18', '2020-11-08 13:48:18'),
(271, '20201108DBS4DHXN2X', '1', 0, NULL, '2020-11-08 13:48:18', '2020-11-08 13:48:18'),
(272, '202011086TOLBORUOK', '1', 0, NULL, '2020-11-08 13:48:18', '2020-11-08 13:48:18'),
(273, '20201108Y71UGUEDDE', '1', 0, NULL, '2020-11-08 13:48:18', '2020-11-08 13:48:18'),
(274, '202011089EFXSBA1HI', '1', 0, NULL, '2020-11-08 13:48:18', '2020-11-08 13:48:18'),
(275, '20201108QGW5KONJHN', '1', 0, NULL, '2020-11-08 13:48:18', '2020-11-08 13:48:18'),
(276, '202011080P8PVBPCHP', '1', 0, NULL, '2020-11-08 13:48:18', '2020-11-08 13:48:18'),
(277, '202011084XYSFXYVHQ', '1', 0, NULL, '2020-11-08 13:48:18', '2020-11-08 13:48:18'),
(278, '20201108RZWU0MFBWA', '1', 0, NULL, '2020-11-08 13:48:18', '2020-11-08 13:48:18'),
(279, '20201108GM9SSSOFDC', '1', 0, NULL, '2020-11-08 13:48:18', '2020-11-08 13:48:18'),
(280, '20201108CLL857P2U4', '1', 0, NULL, '2020-11-08 13:48:18', '2020-11-08 13:48:18'),
(281, '202011082SMHRDBSHA', '1', 0, NULL, '2020-11-08 13:48:18', '2020-11-08 13:48:18'),
(282, '20201108G7RCNKR4GX', '1', 0, NULL, '2020-11-08 13:48:18', '2020-11-08 13:48:18'),
(283, '20201108ZJ9BEEJROH', '1', 0, NULL, '2020-11-08 13:48:18', '2020-11-08 13:48:18'),
(284, '20201108XKERBH9N9W', '1', 0, NULL, '2020-11-08 13:48:18', '2020-11-08 13:48:18'),
(285, '20201108DJIGYMTZHU', '1', 0, NULL, '2020-11-08 13:48:18', '2020-11-08 13:48:18'),
(286, '20201108VR0FDJQFHU', '1', 0, NULL, '2020-11-08 13:48:18', '2020-11-08 13:48:18'),
(287, '20201108M1BSENZ4QE', '1', 0, NULL, '2020-11-08 13:48:18', '2020-11-08 13:48:18'),
(288, '20201108KWG87W2CRV', '1', 0, NULL, '2020-11-08 13:48:18', '2020-11-08 13:48:18'),
(289, '20201108EMCKISW6BL', '1', 0, NULL, '2020-11-08 13:48:18', '2020-11-08 13:48:18'),
(290, '20201108DIBC2ASDIG', '1', 0, NULL, '2020-11-08 13:48:18', '2020-11-08 13:48:18'),
(291, '20201108RX2BFQ1CUT', '1', 0, NULL, '2020-11-08 13:48:18', '2020-11-08 13:48:18'),
(292, '20201108CXFR9FK1KV', '1', 0, NULL, '2020-11-08 13:48:18', '2020-11-08 13:48:18'),
(293, '20201108ZVEW2RPWBN', '1', 0, NULL, '2020-11-08 13:48:18', '2020-11-08 13:48:18'),
(294, '20201108FTJYLQBFTC', '1', 0, NULL, '2020-11-08 13:48:18', '2020-11-08 13:48:18'),
(295, '20201108OMAK1JRXF2', '1', 0, NULL, '2020-11-08 13:48:18', '2020-11-08 13:48:18'),
(296, '20201108JYEVIU87UY', '1', 0, NULL, '2020-11-08 13:48:18', '2020-11-08 13:48:18'),
(297, '202011084PST1W3Y6V', '1', 0, NULL, '2020-11-08 13:48:18', '2020-11-08 13:48:18'),
(298, '20201108ETT4JHWTMP', '1', 0, NULL, '2020-11-08 13:48:18', '2020-11-08 13:48:18'),
(299, '202011086XSM7OYF9O', '1', 0, NULL, '2020-11-08 13:48:18', '2020-11-08 13:48:18'),
(300, '202011084ZSHMHHIZF', '1', 0, NULL, '2020-11-08 13:48:18', '2020-11-08 13:48:18'),
(301, '20201108PMFRNUXVMQ', '1', 0, NULL, '2020-11-08 13:48:18', '2020-11-08 13:48:18'),
(302, '202011082XS9ED9JOJ', '1', 0, NULL, '2020-11-08 13:48:18', '2020-11-08 13:48:18'),
(303, '20201108GRF4YGI5N3', '1', 0, NULL, '2020-11-08 13:48:18', '2020-11-08 13:48:18'),
(304, '20201108OPRATO07AG', '1', 0, NULL, '2020-11-08 13:48:18', '2020-11-08 13:48:18'),
(305, '20201108D0MXUD1HUG', '1', 0, NULL, '2020-11-08 13:48:18', '2020-11-08 13:48:18'),
(306, '20201108FD5LVDGBV7', '1', 0, NULL, '2020-11-08 13:48:18', '2020-11-08 13:48:18'),
(307, '20201108DYSJQWQQKD', '1', 0, NULL, '2020-11-08 13:48:18', '2020-11-08 13:48:18'),
(308, '202011086Y1JNMIBB9', '1', 0, NULL, '2020-11-08 13:48:18', '2020-11-08 13:48:18'),
(309, '202011088U29EZ3JFN', '1', 0, NULL, '2020-11-08 13:48:18', '2020-11-08 13:48:18'),
(310, '20201108SAPAXAQWO1', '1', 0, NULL, '2020-11-08 13:48:18', '2020-11-08 13:48:18'),
(311, '20201108LU8WTSCYWM', '1', 0, NULL, '2020-11-08 13:48:18', '2020-11-08 13:48:18'),
(312, '20201108ZPDNRUNVW0', '1', 0, NULL, '2020-11-08 13:48:18', '2020-11-08 13:48:18'),
(313, '20201108YFXRBV2VRL', '1', 0, NULL, '2020-11-08 13:48:18', '2020-11-08 13:48:18'),
(314, '20201108WRQLGYE36L', '1', 0, NULL, '2020-11-08 13:48:18', '2020-11-08 13:48:18'),
(315, '20201108XC2XOCGAFI', '1', 0, NULL, '2020-11-08 13:48:18', '2020-11-08 13:48:18'),
(316, '20201108NOZPCEAIGP', '1', 0, NULL, '2020-11-08 13:48:18', '2020-11-08 13:48:18'),
(317, '202011082GWY4LWKH0', '1', 0, NULL, '2020-11-08 13:48:18', '2020-11-08 13:48:18'),
(318, '20201108TSF4YUQUK3', '1', 0, NULL, '2020-11-08 13:48:18', '2020-11-08 13:48:18'),
(319, '20201108HP2YBKN9J9', '1', 0, NULL, '2020-11-08 13:48:18', '2020-11-08 13:48:18'),
(320, '20201108MXV4GYCE55', '1', 0, NULL, '2020-11-08 13:48:18', '2020-11-08 13:48:18'),
(321, '20201108E7WKGLIF4K', '1', 0, NULL, '2020-11-08 13:48:18', '2020-11-08 13:48:18'),
(322, '20201108WXCRYQU8CW', '1', 0, NULL, '2020-11-08 13:48:18', '2020-11-08 13:48:18'),
(323, '20201108FILDVG9QNY', '1', 0, NULL, '2020-11-08 13:48:18', '2020-11-08 13:48:18'),
(324, '20201108UPIBMUFE4H', '1', 0, NULL, '2020-11-08 13:48:18', '2020-11-08 13:48:18'),
(325, '20201108BVJSUFGL6A', '1', 0, NULL, '2020-11-08 13:48:18', '2020-11-08 13:48:18'),
(326, '20201108ZCF0B3VWEO', '1', 0, NULL, '2020-11-08 13:48:18', '2020-11-08 13:48:18'),
(327, '20201108E8H3PY9U0Y', '1', 0, NULL, '2020-11-08 13:48:18', '2020-11-08 13:48:18'),
(328, '20201108HSK556PMD9', '1', 0, NULL, '2020-11-08 13:48:18', '2020-11-08 13:48:18'),
(329, '20201108EGBO63QWPL', '1', 0, NULL, '2020-11-08 13:48:18', '2020-11-08 13:48:18'),
(330, '20201108HDDMQGYFG5', '1', 0, NULL, '2020-11-08 13:48:18', '2020-11-08 13:48:18'),
(331, '20201108ZLLVQXT37I', '1', 0, NULL, '2020-11-08 13:48:18', '2020-11-08 13:48:18'),
(332, '202011087HTDQ5LVD6', '1', 0, NULL, '2020-11-08 13:48:18', '2020-11-08 13:48:18'),
(333, '20201108MCVWY8TCMS', '1', 0, NULL, '2020-11-08 13:48:18', '2020-11-08 13:48:18'),
(334, '20201108EXAFDLXJNF', '1', 0, NULL, '2020-11-08 13:48:18', '2020-11-08 13:48:18'),
(335, '20201108VOV0EUSIPD', '1', 0, NULL, '2020-11-08 13:48:18', '2020-11-08 13:48:18'),
(336, '2020110809IPYY964W', '1', 0, NULL, '2020-11-08 13:48:18', '2020-11-08 13:48:18'),
(337, '20201108KL9DCC3DZU', '1', 0, NULL, '2020-11-08 13:48:18', '2020-11-08 13:48:18'),
(338, '20201108UGECEWUKV2', '1', 0, NULL, '2020-11-08 13:48:18', '2020-11-08 13:48:18'),
(339, '20201108XDUN0QZIHG', '1', 0, NULL, '2020-11-08 13:48:18', '2020-11-08 13:48:18'),
(340, '20201108Z7CPWUPERH', '1', 0, NULL, '2020-11-08 13:48:18', '2020-11-08 13:48:18'),
(341, '20201108MDBXT4WKV2', '1', 0, NULL, '2020-11-08 13:48:18', '2020-11-08 13:48:18'),
(342, '20201108XWFKNALC6K', '1', 0, NULL, '2020-11-08 13:48:18', '2020-11-08 13:48:18'),
(343, '20201108PA6YYMHZOR', '1', 0, NULL, '2020-11-08 13:48:18', '2020-11-08 13:48:18'),
(344, '2020110860XWAVPXDP', '1', 0, NULL, '2020-11-08 13:48:18', '2020-11-08 13:48:18'),
(345, '20201108IX5CAWARFZ', '1', 0, NULL, '2020-11-08 13:48:18', '2020-11-08 13:48:18'),
(346, '20201108JD7FE2XPWS', '1', 0, NULL, '2020-11-08 13:48:18', '2020-11-08 13:48:18'),
(347, '20201108QC8R0K5MOR', '1', 0, NULL, '2020-11-08 13:48:18', '2020-11-08 13:48:18'),
(348, '20201108KBPZCG1HTY', '1', 0, NULL, '2020-11-08 13:48:18', '2020-11-08 13:48:18'),
(349, '20201108WPYQLQFRTN', '1', 0, NULL, '2020-11-08 13:48:18', '2020-11-08 13:48:18'),
(350, '20201108WSMQXOLZOP', '1', 0, NULL, '2020-11-08 13:48:18', '2020-11-08 13:48:18'),
(351, '20201108ARMMEMF5TC', '1', 0, NULL, '2020-11-08 13:48:18', '2020-11-08 13:48:18'),
(352, '20201108MRPLYA5SKD', '1', 0, NULL, '2020-11-08 13:48:18', '2020-11-08 13:48:18'),
(353, '20201108BPCYL3ZKUJ', '1', 0, NULL, '2020-11-08 13:48:18', '2020-11-08 13:48:18'),
(354, '2020110895OCJOBFVB', '1', 0, NULL, '2020-11-08 13:48:18', '2020-11-08 13:48:18'),
(355, '20201108BPD1OVNFYO', '1', 0, NULL, '2020-11-08 13:48:18', '2020-11-08 13:48:18'),
(356, '20201108W222SWFDXN', '1', 0, NULL, '2020-11-08 13:48:18', '2020-11-08 13:48:18'),
(357, '20201108AUOQGHTHXK', '1', 0, NULL, '2020-11-08 13:48:18', '2020-11-08 13:48:18'),
(358, '20201108JUKNWUYMZ8', '1', 0, NULL, '2020-11-08 13:48:18', '2020-11-08 13:48:18'),
(359, '20201108T19B48ZNWF', '1', 0, NULL, '2020-11-08 13:48:18', '2020-11-08 13:48:18'),
(360, '20201108IG08NWDRXE', '1', 0, NULL, '2020-11-08 13:48:18', '2020-11-08 13:48:18'),
(361, '20201108NEJPSJFHMM', '1', 0, NULL, '2020-11-08 13:48:18', '2020-11-08 13:48:18'),
(362, '20201108GSMOBXS4BI', '1', 0, NULL, '2020-11-08 13:48:18', '2020-11-08 13:48:18'),
(363, '20201108QRLUU6DTYW', '1', 0, NULL, '2020-11-08 13:48:18', '2020-11-08 13:48:18'),
(364, '20201108LCIVGYMCWJ', '1', 0, NULL, '2020-11-08 13:48:18', '2020-11-08 13:48:18'),
(365, '20201108OONMRXVVYG', '1', 0, NULL, '2020-11-08 13:48:18', '2020-11-08 13:48:18'),
(366, '202011081JABNZVSNC', '1', 0, NULL, '2020-11-08 13:48:18', '2020-11-08 13:48:18'),
(367, '20201108JSC743KG1H', '1', 0, NULL, '2020-11-08 13:48:18', '2020-11-08 13:48:18'),
(368, '20201108J1CNS3AIJ9', '1', 0, NULL, '2020-11-08 13:48:18', '2020-11-08 13:48:18'),
(369, '20201108A7SDGWQEAP', '1', 0, NULL, '2020-11-08 13:48:18', '2020-11-08 13:48:18'),
(370, '20201108RVRSWEBEFQ', '1', 0, NULL, '2020-11-08 13:48:18', '2020-11-08 13:48:18'),
(371, '20201108N8PZBSPZAG', '1', 0, NULL, '2020-11-08 13:48:18', '2020-11-08 13:48:18'),
(372, '20201108AGYISQ6DZP', '1', 0, NULL, '2020-11-08 13:48:18', '2020-11-08 13:48:18'),
(373, '202011082AFPRBSMVM', '1', 0, NULL, '2020-11-08 13:48:18', '2020-11-08 13:48:18'),
(374, '20201108FSQXI6XNQZ', '1', 0, NULL, '2020-11-08 13:48:18', '2020-11-08 13:48:18'),
(375, '202011089U22OXUMEY', '1', 0, NULL, '2020-11-08 13:48:18', '2020-11-08 13:48:18'),
(376, '20201108OEKINX9VUL', '1', 0, NULL, '2020-11-08 13:48:18', '2020-11-08 13:48:18'),
(377, '20201108CXB3OZSHWF', '1', 0, NULL, '2020-11-08 13:48:18', '2020-11-08 13:48:18'),
(378, '20201108HJYOXXWV9V', '1', 0, NULL, '2020-11-08 13:48:18', '2020-11-08 13:48:18'),
(379, '20201108YBPY9BAFTT', '1', 0, NULL, '2020-11-08 13:48:18', '2020-11-08 13:48:18'),
(380, '20201108YBM8GLSLWD', '1', 0, NULL, '2020-11-08 13:48:18', '2020-11-08 13:48:18'),
(381, '20201108ZV9BMZIXRN', '1', 0, NULL, '2020-11-08 13:48:18', '2020-11-08 13:48:18'),
(382, '20201108I04GTBLLDG', '1', 0, NULL, '2020-11-08 13:48:18', '2020-11-08 13:48:18'),
(383, '20201108DRCQN32VNI', '1', 0, NULL, '2020-11-08 13:48:18', '2020-11-08 13:48:18'),
(384, '20201108BOUW0BZTCB', '1', 0, NULL, '2020-11-08 13:48:18', '2020-11-08 13:48:18'),
(385, '20201108ECIL7TCH3O', '1', 0, NULL, '2020-11-08 13:48:18', '2020-11-08 13:48:18'),
(386, '20201108MWLO7EQXAU', '1', 0, NULL, '2020-11-08 13:48:18', '2020-11-08 13:48:18'),
(387, '20201108PWGWGO7CLG', '1', 0, NULL, '2020-11-08 13:48:18', '2020-11-08 13:48:18'),
(388, '20201108L3GVX48LL5', '1', 0, NULL, '2020-11-08 13:48:18', '2020-11-08 13:48:18'),
(389, '202011083K3YKTWIUT', '1', 0, NULL, '2020-11-08 13:48:18', '2020-11-08 13:48:18'),
(390, '20201108W6A8NHTORF', '1', 0, NULL, '2020-11-08 13:48:18', '2020-11-08 13:48:18'),
(391, '20201108PQ3K3RBGJB', '1', 0, NULL, '2020-11-08 13:48:18', '2020-11-08 13:48:18'),
(392, '202011081ZATDTDOM0', '1', 0, NULL, '2020-11-08 13:48:18', '2020-11-08 13:48:18'),
(393, '20201108S7JG8KFN7J', '1', 0, NULL, '2020-11-08 13:48:18', '2020-11-08 13:48:18'),
(394, '202011081QWFMBYU7N', '1', 0, NULL, '2020-11-08 13:48:18', '2020-11-08 13:48:18'),
(395, '20201108QWECAAEAFY', '1', 0, NULL, '2020-11-08 13:48:18', '2020-11-08 13:48:18'),
(396, '20201108QHGKOLGRN2', '1', 0, NULL, '2020-11-08 13:48:18', '2020-11-08 13:48:18'),
(397, '20201108SSRTT2ZSNP', '1', 0, NULL, '2020-11-08 13:48:18', '2020-11-08 13:48:18'),
(398, '202011087IBYL5RCLO', '1', 0, NULL, '2020-11-08 13:48:18', '2020-11-08 13:48:18'),
(399, '20201108PNFYYOPDF7', '1', 0, NULL, '2020-11-08 13:48:18', '2020-11-08 13:48:18'),
(400, '202011080RNNGO0RPC', '1', 0, NULL, '2020-11-08 13:48:18', '2020-11-08 13:48:18'),
(401, '20201108NFLINUDVL4', '1', 0, NULL, '2020-11-08 13:48:18', '2020-11-08 13:48:18'),
(402, '20201108B2PLJLG7GB', '1', 0, NULL, '2020-11-08 13:48:18', '2020-11-08 13:48:18'),
(403, '20201108DHLQJUPOSE', '1', 0, NULL, '2020-11-08 13:48:18', '2020-11-08 13:48:18'),
(404, '202011085QQYFUDWL6', '1', 0, NULL, '2020-11-08 13:48:18', '2020-11-08 13:48:18'),
(405, '20201108GNLC8V7CLG', '1', 0, NULL, '2020-11-08 13:48:18', '2020-11-08 13:48:18'),
(406, '20201108ZRZ3TIK6K5', '1', 0, NULL, '2020-11-08 13:48:18', '2020-11-08 13:48:18'),
(407, '20201108F0SDXYPUBI', '1', 0, NULL, '2020-11-08 13:48:18', '2020-11-08 13:48:18'),
(408, '20201108PMWDCRV2EE', '1', 0, NULL, '2020-11-08 13:48:18', '2020-11-08 13:48:18'),
(409, '2020110897O8LHSFOV', '1', 0, NULL, '2020-11-08 13:48:18', '2020-11-08 13:48:18'),
(410, '20201108M7AZI0N6QI', '1', 0, NULL, '2020-11-08 13:48:18', '2020-11-08 13:48:18'),
(411, '20201108OU74NVOXHQ', '1', 0, NULL, '2020-11-08 13:48:18', '2020-11-08 13:48:18'),
(412, '20201108WSXFR7SBFO', '1', 0, NULL, '2020-11-08 13:48:18', '2020-11-08 13:48:18'),
(413, '20201108J7P36AF2GM', '1', 0, NULL, '2020-11-08 13:48:18', '2020-11-08 13:48:18'),
(414, '202011087MZKXHRITP', '1', 0, NULL, '2020-11-08 13:48:18', '2020-11-08 13:48:18'),
(415, '20201108II0VY7XQKZ', '1', 0, NULL, '2020-11-08 13:48:18', '2020-11-08 13:48:18'),
(416, '20201108EMDRMIUVBK', '1', 0, NULL, '2020-11-08 13:48:18', '2020-11-08 13:48:18'),
(417, '20201108XOGQISQYQ3', '1', 0, NULL, '2020-11-08 13:48:18', '2020-11-08 13:48:18'),
(418, '20201108XPJXYONEMG', '1', 0, NULL, '2020-11-08 13:48:18', '2020-11-08 13:48:18'),
(419, '20201108OW5KAZHH2A', '1', 0, NULL, '2020-11-08 13:48:18', '2020-11-08 13:48:18'),
(420, '20201108DMSDOJFJIE', '1', 0, NULL, '2020-11-08 13:48:18', '2020-11-08 13:48:18'),
(421, '20201108V5ZSG7XYNE', '1', 0, NULL, '2020-11-08 13:48:18', '2020-11-08 13:48:18'),
(422, '20201108OBBNO0QUV7', '1', 0, NULL, '2020-11-08 13:48:18', '2020-11-08 13:48:18'),
(423, '20201108DUZAACFKYY', '1', 0, NULL, '2020-11-08 13:48:18', '2020-11-08 13:48:18'),
(424, '20201108RNGOFTSQ3F', '1', 0, NULL, '2020-11-08 13:48:18', '2020-11-08 13:48:18'),
(425, '202011080DSQ1D7JKP', '1', 0, NULL, '2020-11-08 13:48:18', '2020-11-08 13:48:18'),
(426, '20201108ASL3CKEVFP', '1', 0, NULL, '2020-11-08 13:48:18', '2020-11-08 13:48:18'),
(427, '20201108FPNLZXDIAP', '1', 0, NULL, '2020-11-08 13:48:18', '2020-11-08 13:48:18'),
(428, '20201108WUVUDTULWN', '1', 0, NULL, '2020-11-08 13:48:18', '2020-11-08 13:48:18'),
(429, '20201108MMU9PNLIHO', '1', 0, NULL, '2020-11-08 13:48:18', '2020-11-08 13:48:18'),
(430, '202011080KBYRPKK6K', '1', 0, NULL, '2020-11-08 13:48:18', '2020-11-08 13:48:18'),
(431, '20201108EWNMMYTORC', '1', 0, NULL, '2020-11-08 13:48:18', '2020-11-08 13:48:18'),
(432, '20201108QBBJ6HUJXS', '1', 0, NULL, '2020-11-08 13:48:18', '2020-11-08 13:48:18'),
(433, '20201108CH3APDYKQN', '1', 0, NULL, '2020-11-08 13:48:18', '2020-11-08 13:48:18'),
(434, '20201108V2QUUTTOWM', '1', 0, NULL, '2020-11-08 13:48:18', '2020-11-08 13:48:18'),
(435, '20201108U5WDOH8JOF', '1', 0, NULL, '2020-11-08 13:48:18', '2020-11-08 13:48:18'),
(436, '202011089IGW5ZI32W', '1', 0, NULL, '2020-11-08 13:48:18', '2020-11-08 13:48:18'),
(437, '20201108LXZQI2MAFV', '1', 0, NULL, '2020-11-08 13:48:18', '2020-11-08 13:48:18'),
(438, '20201108ZRBP8W23KQ', '1', 0, NULL, '2020-11-08 13:48:18', '2020-11-08 13:48:18'),
(439, '20201108CFWQRFMJSO', '1', 0, NULL, '2020-11-08 13:48:18', '2020-11-08 13:48:18'),
(440, '20201108UJG0CPPXCD', '1', 0, NULL, '2020-11-08 13:48:18', '2020-11-08 13:48:18'),
(441, '20201108VDYQAJDG94', '1', 0, NULL, '2020-11-08 13:48:18', '2020-11-08 13:48:18'),
(442, '202011084QE1SETQUK', '1', 0, NULL, '2020-11-08 13:48:18', '2020-11-08 13:48:18'),
(443, '20201108PGT2QXAI1R', '1', 0, NULL, '2020-11-08 13:48:18', '2020-11-08 13:48:18'),
(444, '202011082ULRDV7AHQ', '1', 0, NULL, '2020-11-08 13:48:18', '2020-11-08 13:48:18'),
(445, '20201108CHSCTWLEZ1', '1', 0, NULL, '2020-11-08 13:48:18', '2020-11-08 13:48:18'),
(446, '20201108XHCIAJBE7Z', '1', 0, NULL, '2020-11-08 13:48:18', '2020-11-08 13:48:18'),
(447, '202011086UA8J1VYUV', '1', 0, NULL, '2020-11-08 13:48:18', '2020-11-08 13:48:18'),
(448, '20201108ZSBWDARGIQ', '1', 0, NULL, '2020-11-08 13:48:18', '2020-11-08 13:48:18'),
(449, '20201108BG9YKMXDHN', '1', 0, NULL, '2020-11-08 13:48:18', '2020-11-08 13:48:18'),
(450, '20201108GDJBE00A64', '1', 0, NULL, '2020-11-08 13:48:18', '2020-11-08 13:48:18'),
(451, '20201108Z5ZRTRVV1L', '1', 0, NULL, '2020-11-08 13:48:18', '2020-11-08 13:48:18'),
(452, '20201108ND25CWDNKF', '1', 0, NULL, '2020-11-08 13:48:18', '2020-11-08 13:48:18'),
(453, '20201108VXXGZB1QIK', '1', 0, NULL, '2020-11-08 13:48:18', '2020-11-08 13:48:18'),
(454, '20201108VENFXRIGK7', '1', 0, NULL, '2020-11-08 13:48:18', '2020-11-08 13:48:18'),
(455, '20201108WIIQGBMGND', '1', 0, NULL, '2020-11-08 13:48:18', '2020-11-08 13:48:18'),
(456, '20201108ROYN4TJX4S', '1', 0, NULL, '2020-11-08 13:48:18', '2020-11-08 13:48:18'),
(457, '20201108GFXRXQAMPO', '1', 0, NULL, '2020-11-08 13:48:18', '2020-11-08 13:48:18'),
(458, '20201108FPBTCNZRCM', '1', 0, NULL, '2020-11-08 13:48:18', '2020-11-08 13:48:18'),
(459, '202011088DMLFXGOIQ', '1', 0, NULL, '2020-11-08 13:48:18', '2020-11-08 13:48:18'),
(460, '20201108JM2QO3DG1M', '1', 0, NULL, '2020-11-08 13:48:18', '2020-11-08 13:48:18'),
(461, '20201108G8BXYWHIUH', '1', 0, NULL, '2020-11-08 13:48:18', '2020-11-08 13:48:18'),
(462, '20201108FAJZFBI4ZL', '1', 0, NULL, '2020-11-08 13:48:18', '2020-11-08 13:48:18'),
(463, '20201108BAGTEWH4JE', '1', 0, NULL, '2020-11-08 13:48:18', '2020-11-08 13:48:18'),
(464, '20201108BMU1XE8ZNW', '1', 0, NULL, '2020-11-08 13:48:18', '2020-11-08 13:48:18'),
(465, '20201108Y67C0DVFPT', '1', 0, NULL, '2020-11-08 13:48:18', '2020-11-08 13:48:18'),
(466, '20201108MTWZQRD1VI', '1', 0, NULL, '2020-11-08 13:48:18', '2020-11-08 13:48:18'),
(467, '202011089B2HHWMVGB', '1', 0, NULL, '2020-11-08 13:48:18', '2020-11-08 13:48:18'),
(468, '20201108RYDE1BJBGG', '1', 0, NULL, '2020-11-08 13:48:18', '2020-11-08 13:48:18'),
(469, '20201108GB7CMCTZCP', '1', 0, NULL, '2020-11-08 13:48:18', '2020-11-08 13:48:18'),
(470, '20201108HT3UY1BEXG', '1', 0, NULL, '2020-11-08 13:48:18', '2020-11-08 13:48:18'),
(471, '202011083KF3XVG0CR', '1', 0, NULL, '2020-11-08 13:48:18', '2020-11-08 13:48:18'),
(472, '202011086TA1JARJJD', '1', 0, NULL, '2020-11-08 13:48:18', '2020-11-08 13:48:18'),
(473, '20201108EX5SFJWSLK', '1', 0, NULL, '2020-11-08 13:48:18', '2020-11-08 13:48:18'),
(474, '20201108YKEIC7FINO', '1', 0, NULL, '2020-11-08 13:48:18', '2020-11-08 13:48:18'),
(475, '202011087CBOXIW2K2', '1', 0, NULL, '2020-11-08 13:48:18', '2020-11-08 13:48:18'),
(476, '20201108ZF3SCOBRUF', '1', 0, NULL, '2020-11-08 13:48:18', '2020-11-08 13:48:18'),
(477, '20201108IRZDMYRSNT', '1', 0, NULL, '2020-11-08 13:48:18', '2020-11-08 13:48:18'),
(478, '20201108RXYQMJKGEZ', '1', 0, NULL, '2020-11-08 13:48:18', '2020-11-08 13:48:18'),
(479, '20201108OKF1TEJQCS', '1', 0, NULL, '2020-11-08 13:48:18', '2020-11-08 13:48:18'),
(480, '20201108TWDSPDQDBO', '1', 0, NULL, '2020-11-08 13:48:18', '2020-11-08 13:48:18'),
(481, '20201108IFBFBQHUCS', '1', 0, NULL, '2020-11-08 13:48:18', '2020-11-08 13:48:18'),
(482, '20201108NSEDTZWWVB', '1', 0, NULL, '2020-11-08 13:48:18', '2020-11-08 13:48:18'),
(483, '20201108GTTNAE4JDL', '1', 0, NULL, '2020-11-08 13:48:18', '2020-11-08 13:48:18'),
(484, '20201108HCU6H1F4M3', '1', 0, NULL, '2020-11-08 13:48:18', '2020-11-08 13:48:18'),
(485, '20201108DAS9THKOFJ', '1', 0, NULL, '2020-11-08 13:48:18', '2020-11-08 13:48:18'),
(486, '20201108MMQKLBH9DR', '1', 0, NULL, '2020-11-08 13:48:18', '2020-11-08 13:48:18'),
(487, '2020110865AJIK1GHF', '1', 0, NULL, '2020-11-08 13:48:18', '2020-11-08 13:48:18'),
(488, '202011084DYPDJGZCN', '1', 0, NULL, '2020-11-08 13:48:18', '2020-11-08 13:48:18'),
(489, '20201108GWWFYNXZQK', '1', 0, NULL, '2020-11-08 13:48:18', '2020-11-08 13:48:18'),
(490, '20201108CMHXJT4JL6', '1', 0, NULL, '2020-11-08 13:48:18', '2020-11-08 13:48:18'),
(491, '202011084AXFVHW8IK', '1', 0, NULL, '2020-11-08 13:48:18', '2020-11-08 13:48:18'),
(492, '20201108COKAVRFABS', '1', 0, NULL, '2020-11-08 13:48:18', '2020-11-08 13:48:18'),
(493, '202011084AQJDCLIAU', '1', 0, NULL, '2020-11-08 13:48:18', '2020-11-08 13:48:18'),
(494, '202011080NLPBXSTNO', '1', 0, NULL, '2020-11-08 13:48:18', '2020-11-08 13:48:18'),
(495, '20201108O3IKY4TYYF', '1', 0, NULL, '2020-11-08 13:48:18', '2020-11-08 13:48:18'),
(496, '20201108KIS1XLK1DC', '1', 0, NULL, '2020-11-08 13:48:18', '2020-11-08 13:48:18'),
(497, '20201108CTC0MX9UH6', '1', 0, NULL, '2020-11-08 13:48:18', '2020-11-08 13:48:18'),
(498, '20201108WRHMCYH7TG', '1', 0, NULL, '2020-11-08 13:48:18', '2020-11-08 13:48:18'),
(499, '20201108HPJVZXNIBA', '1', 0, NULL, '2020-11-08 13:48:18', '2020-11-08 13:48:18'),
(500, '20201108QBGXWOMUK4', '1', 0, NULL, '2020-11-08 13:48:18', '2020-11-08 13:48:18'),
(501, '20201108PLBYPIOCSM', '1', 0, NULL, '2020-11-08 13:48:18', '2020-11-08 13:48:18'),
(502, '20201108QKCNVMG5T5', '1', 0, NULL, '2020-11-08 13:48:18', '2020-11-08 13:48:18'),
(503, '20201108WSWMQ4KTBX', '1', 0, NULL, '2020-11-08 13:48:18', '2020-11-08 13:48:18'),
(504, '202011081OZ0UUU1XQ', '1', 0, NULL, '2020-11-08 13:48:18', '2020-11-08 13:48:18'),
(505, '20201108HQMIJ4BZYC', '1', 0, NULL, '2020-11-08 13:48:18', '2020-11-08 13:48:18'),
(506, '20201108IPEKGWNALM', '1', 0, NULL, '2020-11-08 13:48:18', '2020-11-08 13:48:18'),
(507, '20201108ULC3V1UOUK', '1', 0, NULL, '2020-11-08 13:48:18', '2020-11-08 13:48:18'),
(508, '20201108VYQANDQGF9', '1', 0, NULL, '2020-11-08 13:48:18', '2020-11-08 13:48:18'),
(509, '20201108H4ZGHPGSFV', '1', 0, NULL, '2020-11-08 13:48:18', '2020-11-08 13:48:18'),
(510, '20201108IMZIJ5MCFD', '1', 0, NULL, '2020-11-08 13:48:18', '2020-11-08 13:48:18'),
(511, '20201108CPFCNRKDWV', '1', 0, NULL, '2020-11-08 13:48:18', '2020-11-08 13:48:18'),
(512, '202011086GODPMNXYU', '1', 0, NULL, '2020-11-08 13:48:18', '2020-11-08 13:48:18'),
(513, '20201108CPA0HVWAJL', '1', 0, NULL, '2020-11-08 13:48:18', '2020-11-08 13:48:18'),
(514, '20201108XENDDGUPXD', '1', 0, NULL, '2020-11-08 13:48:18', '2020-11-08 13:48:18'),
(515, '20201108LFFLJ1JLEI', '1', 0, NULL, '2020-11-08 13:48:18', '2020-11-08 13:48:18'),
(516, '20201108SSX4ZLXPKN', '1', 0, NULL, '2020-11-08 13:48:18', '2020-11-08 13:48:18'),
(517, '20201108W66F9DGBDN', '1', 0, NULL, '2020-11-08 13:48:18', '2020-11-08 13:48:18'),
(518, '20201108TQUFXLMHMF', '1', 0, NULL, '2020-11-08 13:48:18', '2020-11-08 13:48:18'),
(519, '20201108AQCGX4IQ0V', '1', 0, NULL, '2020-11-08 13:48:18', '2020-11-08 13:48:18'),
(520, '20201108X1ZGTXYCKD', '1', 0, NULL, '2020-11-08 13:48:18', '2020-11-08 13:48:18'),
(521, '20201108X4TBGCX01F', '1', 0, NULL, '2020-11-08 13:48:18', '2020-11-08 13:48:18'),
(522, '20201108QPFGWDHFZC', '1', 0, NULL, '2020-11-08 13:48:18', '2020-11-08 13:48:18'),
(523, '202011081HIOHEK6EM', '1', 0, NULL, '2020-11-08 13:48:18', '2020-11-08 13:48:18'),
(524, '20201108DXSWOFGRZU', '1', 0, NULL, '2020-11-08 13:48:18', '2020-11-08 13:48:18'),
(525, '20201108TCSINBXSUE', '1', 0, NULL, '2020-11-08 13:48:18', '2020-11-08 13:48:18'),
(526, '20201108TCM3OX3EEX', '1', 0, NULL, '2020-11-08 13:48:18', '2020-11-08 13:48:18'),
(527, '20201108XYFPUVHIGA', '1', 0, NULL, '2020-11-08 13:48:18', '2020-11-08 13:48:18'),
(528, '20201108HUW5GAFTPW', '1', 0, NULL, '2020-11-08 13:48:18', '2020-11-08 13:48:18'),
(529, '20201108MRMIGNUHIQ', '1', 0, NULL, '2020-11-08 13:48:18', '2020-11-08 13:48:18'),
(530, '20201108YEEFKUZMJE', '1', 0, NULL, '2020-11-08 13:48:18', '2020-11-08 13:48:18'),
(531, '20201108PMXTYOB6RW', '1', 0, NULL, '2020-11-08 13:48:18', '2020-11-08 13:48:18'),
(532, '20201108QV3YFQMSFY', '1', 0, NULL, '2020-11-08 13:48:18', '2020-11-08 13:48:18'),
(533, '202011085PXPTSQIWS', '1', 0, NULL, '2020-11-08 13:48:18', '2020-11-08 13:48:18'),
(534, '20201108CXMTFCV3YK', '1', 0, NULL, '2020-11-08 13:48:18', '2020-11-08 13:48:18'),
(535, '2020110825YU77HWAE', '1', 0, NULL, '2020-11-08 13:48:18', '2020-11-08 13:48:18'),
(536, '20201108HRHGQ9SP7B', '1', 0, NULL, '2020-11-08 13:48:18', '2020-11-08 13:48:18'),
(537, '20201108WZGPOCKNM4', '1', 0, NULL, '2020-11-08 13:48:18', '2020-11-08 13:48:18'),
(538, '20201108PECQ1S2CQC', '1', 0, NULL, '2020-11-08 13:48:18', '2020-11-08 13:48:18'),
(539, '20201108J1KDVTJIEK', '1', 0, NULL, '2020-11-08 13:48:18', '2020-11-08 13:48:18'),
(540, '20201108PQ8JUYGSTX', '1', 0, NULL, '2020-11-08 13:48:18', '2020-11-08 13:48:18'),
(541, '202011089TTPIV68ED', '1', 0, NULL, '2020-11-08 13:48:18', '2020-11-08 13:48:18'),
(542, '20201108OSZBNOFNWU', '1', 0, NULL, '2020-11-08 13:48:18', '2020-11-08 13:48:18'),
(543, '20201108HYJPDX2QPC', '1', 0, NULL, '2020-11-08 13:48:18', '2020-11-08 13:48:18'),
(544, '20201108NWB1NUR8JF', '1', 0, NULL, '2020-11-08 13:48:18', '2020-11-08 13:48:18'),
(545, '20201108LY1PTVF8V2', '1', 0, NULL, '2020-11-08 13:48:18', '2020-11-08 13:48:18'),
(546, '20201108EVKTDECKFR', '1', 0, NULL, '2020-11-08 13:48:18', '2020-11-08 13:48:18'),
(547, '20201108PHJXLJZLT5', '1', 0, NULL, '2020-11-08 13:48:18', '2020-11-08 13:48:18'),
(548, '20201108M0406SUZKN', '1', 0, NULL, '2020-11-08 13:48:18', '2020-11-08 13:48:18'),
(549, '20201108V4YFHNML1F', '1', 0, NULL, '2020-11-08 13:48:18', '2020-11-08 13:48:18'),
(550, '20201108FBKYZXUPD6', '1', 0, NULL, '2020-11-08 13:48:18', '2020-11-08 13:48:18'),
(551, '202011087CO66GRYUC', '1', 0, NULL, '2020-11-08 13:48:18', '2020-11-08 13:48:18'),
(552, '20201108TG7NCAOJ0P', '1', 0, NULL, '2020-11-08 13:48:18', '2020-11-08 13:48:18'),
(553, '202011084F7ASTSY7Y', '1', 0, NULL, '2020-11-08 13:48:18', '2020-11-08 13:48:18'),
(554, '2020110800YORQ06CW', '1', 0, NULL, '2020-11-08 13:48:18', '2020-11-08 13:48:18'),
(555, '20201108QCPLTGC6NQ', '1', 0, NULL, '2020-11-08 13:48:18', '2020-11-08 13:48:18'),
(556, '20201108FVRFKZWMWY', '1', 0, NULL, '2020-11-08 13:48:18', '2020-11-08 13:48:18'),
(557, '20201108ETB8U6FEPM', '1', 0, NULL, '2020-11-08 13:48:18', '2020-11-08 13:48:18'),
(558, '202011080B4J4ZRZS1', '1', 0, NULL, '2020-11-08 13:48:18', '2020-11-08 13:48:18'),
(559, '20201108L18PGMF9MU', '1', 0, NULL, '2020-11-08 13:48:18', '2020-11-08 13:48:18'),
(560, '20201108NHE8H6JQHB', '1', 0, NULL, '2020-11-08 13:48:18', '2020-11-08 13:48:18'),
(561, '20201108LGMKYXYQJQ', '1', 0, NULL, '2020-11-08 13:48:18', '2020-11-08 13:48:18'),
(562, '20201108LOPZTHOVVN', '1', 0, NULL, '2020-11-08 13:48:18', '2020-11-08 13:48:18'),
(563, '20201108RRXED2UL6D', '1', 0, NULL, '2020-11-08 13:48:18', '2020-11-08 13:48:18'),
(564, '202011086P1T6ZIXYO', '1', 0, NULL, '2020-11-08 13:48:18', '2020-11-08 13:48:18'),
(565, '20201108WK0HBVOLCO', '1', 0, NULL, '2020-11-08 13:48:18', '2020-11-08 13:48:18'),
(566, '20201108OZ6VQNS6I1', '1', 0, NULL, '2020-11-08 13:48:18', '2020-11-08 13:48:18'),
(567, '20201108VIUQMI7JCA', '1', 0, NULL, '2020-11-08 13:48:18', '2020-11-08 13:48:18'),
(568, '20201108GQ2ZABEGGE', '1', 0, NULL, '2020-11-08 13:48:18', '2020-11-08 13:48:18'),
(569, '20201108A75RE2ZQZ3', '1', 0, NULL, '2020-11-08 13:48:18', '2020-11-08 13:48:18'),
(570, '20201108UDOML5RUAI', '1', 0, NULL, '2020-11-08 13:48:18', '2020-11-08 13:48:18'),
(571, '20201108YFNGDVS0EO', '1', 0, NULL, '2020-11-08 13:48:18', '2020-11-08 13:48:18'),
(572, '20201108IHC9Z8NOM9', '1', 0, NULL, '2020-11-08 13:48:18', '2020-11-08 13:48:18'),
(573, '20201108DVRA3833B2', '1', 0, NULL, '2020-11-08 13:48:18', '2020-11-08 13:48:18'),
(574, '20201108WGBAMGRBOH', '1', 0, NULL, '2020-11-08 13:48:18', '2020-11-08 13:48:18');
INSERT INTO `aktivasi_details` (`id`, `kode`, `id_aktivasi`, `status`, `id_user`, `created_at`, `updated_at`) VALUES
(575, '20201108CQ23PI2AVE', '1', 0, NULL, '2020-11-08 13:48:18', '2020-11-08 13:48:18'),
(576, '202011086G2UKKH1N5', '1', 0, NULL, '2020-11-08 13:48:18', '2020-11-08 13:48:18'),
(577, '20201108N6C7YWXZO4', '1', 0, NULL, '2020-11-08 13:48:19', '2020-11-08 13:48:19'),
(578, '20201108KFT0YCXWT7', '1', 0, NULL, '2020-11-08 13:48:19', '2020-11-08 13:48:19'),
(579, '2020110838CKFH0MPB', '1', 0, NULL, '2020-11-08 13:48:19', '2020-11-08 13:48:19'),
(580, '20201108WX3ZQE4JLC', '1', 0, NULL, '2020-11-08 13:48:19', '2020-11-08 13:48:19'),
(581, '202011086SONHOW9YV', '1', 0, NULL, '2020-11-08 13:48:19', '2020-11-08 13:48:19'),
(582, '20201108XWMXJC0P7F', '1', 0, NULL, '2020-11-08 13:48:19', '2020-11-08 13:48:19'),
(583, '20201108HDWS9X5ZJX', '1', 0, NULL, '2020-11-08 13:48:19', '2020-11-08 13:48:19'),
(584, '202011082ASQ1CLKAV', '1', 0, NULL, '2020-11-08 13:48:19', '2020-11-08 13:48:19'),
(585, '20201108XPU1CX4A6U', '1', 0, NULL, '2020-11-08 13:48:19', '2020-11-08 13:48:19'),
(586, '2020110880F8BGBOQF', '1', 0, NULL, '2020-11-08 13:48:19', '2020-11-08 13:48:19'),
(587, '2020110871BJNFJV3A', '1', 0, NULL, '2020-11-08 13:48:19', '2020-11-08 13:48:19'),
(588, '20201108BFLOAJBFFR', '1', 0, NULL, '2020-11-08 13:48:19', '2020-11-08 13:48:19'),
(589, '2020110802SFM65YAI', '1', 0, NULL, '2020-11-08 13:48:19', '2020-11-08 13:48:19'),
(590, '20201108MSW9GJVRFE', '1', 0, NULL, '2020-11-08 13:48:19', '2020-11-08 13:48:19'),
(591, '20201108SZUVRNYJ4B', '1', 0, NULL, '2020-11-08 13:48:19', '2020-11-08 13:48:19'),
(592, '20201108GXOBM1EJCV', '1', 0, NULL, '2020-11-08 13:48:19', '2020-11-08 13:48:19'),
(593, '20201108EAYYB8SOGW', '1', 0, NULL, '2020-11-08 13:48:19', '2020-11-08 13:48:19'),
(594, '20201108MG7YGYMSV9', '1', 0, NULL, '2020-11-08 13:48:19', '2020-11-08 13:48:19'),
(595, '20201108V1M2OJRAMR', '1', 0, NULL, '2020-11-08 13:48:19', '2020-11-08 13:48:19'),
(596, '20201108R5GR1XWGEY', '1', 0, NULL, '2020-11-08 13:48:19', '2020-11-08 13:48:19'),
(597, '202011086VKGKOTMTQ', '1', 0, NULL, '2020-11-08 13:48:19', '2020-11-08 13:48:19'),
(598, '20201108QQCGKEOFG2', '1', 0, NULL, '2020-11-08 13:48:19', '2020-11-08 13:48:19'),
(599, '20201108FQYHKCBLSC', '1', 0, NULL, '2020-11-08 13:48:19', '2020-11-08 13:48:19'),
(600, '20201108RINR6AZB58', '1', 0, NULL, '2020-11-08 13:48:19', '2020-11-08 13:48:19'),
(601, '202011084QO73CMQT3', '1', 0, NULL, '2020-11-08 13:48:19', '2020-11-08 13:48:19'),
(602, '20201108YK9E96FHUF', '1', 0, NULL, '2020-11-08 13:48:19', '2020-11-08 13:48:19'),
(603, '20201108TKHQOR2CMO', '1', 0, NULL, '2020-11-08 13:48:19', '2020-11-08 13:48:19'),
(604, '20201108HYVS8I8FRJ', '1', 0, NULL, '2020-11-08 13:48:19', '2020-11-08 13:48:19'),
(605, '202011085IR7XGRBHG', '1', 0, NULL, '2020-11-08 13:48:19', '2020-11-08 13:48:19'),
(606, '20201108ZGVZP2660Q', '1', 0, NULL, '2020-11-08 13:48:19', '2020-11-08 13:48:19'),
(607, '20201108PMN1BPDVNW', '1', 0, NULL, '2020-11-08 13:48:19', '2020-11-08 13:48:19'),
(608, '202011080WGQWCXDZG', '1', 0, NULL, '2020-11-08 13:48:19', '2020-11-08 13:48:19'),
(609, '202011082XEIFAVSNV', '1', 0, NULL, '2020-11-08 13:48:19', '2020-11-08 13:48:19'),
(610, '20201108ZWDUXLX0N1', '1', 0, NULL, '2020-11-08 13:48:19', '2020-11-08 13:48:19'),
(611, '20201108P0NNEBUDAD', '1', 0, NULL, '2020-11-08 13:48:19', '2020-11-08 13:48:19'),
(612, '20201108G3IDIJWZL8', '1', 0, NULL, '2020-11-08 13:48:19', '2020-11-08 13:48:19'),
(613, '20201108OVNBDZ4MWZ', '1', 0, NULL, '2020-11-08 13:48:19', '2020-11-08 13:48:19'),
(614, '202011089WR9DHZBT2', '1', 0, NULL, '2020-11-08 13:48:19', '2020-11-08 13:48:19'),
(615, '20201108VA8RPT263I', '1', 0, NULL, '2020-11-08 13:48:19', '2020-11-08 13:48:19'),
(616, '20201108KL1FGK2GO8', '1', 0, NULL, '2020-11-08 13:48:19', '2020-11-08 13:48:19'),
(617, '20201108P6XZQVSHU7', '1', 0, NULL, '2020-11-08 13:48:19', '2020-11-08 13:48:19'),
(618, '2020110843LLFUAEAC', '1', 0, NULL, '2020-11-08 13:48:19', '2020-11-08 13:48:19'),
(619, '20201108NZEV16YEUK', '1', 0, NULL, '2020-11-08 13:48:19', '2020-11-08 13:48:19'),
(620, '202011080DKEVYNO55', '1', 0, NULL, '2020-11-08 13:48:19', '2020-11-08 13:48:19'),
(621, '202011086UKR6PCKYC', '1', 0, NULL, '2020-11-08 13:48:19', '2020-11-08 13:48:19'),
(622, '20201108OS0F0OSXGG', '1', 0, NULL, '2020-11-08 13:48:19', '2020-11-08 13:48:19'),
(623, '202011086USDIZEI2F', '1', 0, NULL, '2020-11-08 13:48:19', '2020-11-08 13:48:19'),
(624, '20201108SZBLXTDOSO', '1', 0, NULL, '2020-11-08 13:48:19', '2020-11-08 13:48:19'),
(625, '202011086PEBNKZFMS', '1', 0, NULL, '2020-11-08 13:48:19', '2020-11-08 13:48:19'),
(626, '20201108J8ELQUVBNJ', '1', 0, NULL, '2020-11-08 13:48:19', '2020-11-08 13:48:19'),
(627, '20201108S2DOCZPMJJ', '1', 0, NULL, '2020-11-08 13:48:19', '2020-11-08 13:48:19'),
(628, '20201108DV6ESUPNWA', '1', 0, NULL, '2020-11-08 13:48:19', '2020-11-08 13:48:19'),
(629, '202011085OCK33LKT5', '1', 0, NULL, '2020-11-08 13:48:19', '2020-11-08 13:48:19'),
(630, '20201108OBDNXVTWWM', '1', 0, NULL, '2020-11-08 13:48:19', '2020-11-08 13:48:19'),
(631, '20201108EXMY59VX8G', '1', 0, NULL, '2020-11-08 13:48:19', '2020-11-08 13:48:19'),
(632, '20201108RK78CVS8NB', '1', 0, NULL, '2020-11-08 13:48:19', '2020-11-08 13:48:19'),
(633, '20201108DBLYWDZ50I', '1', 0, NULL, '2020-11-08 13:48:19', '2020-11-08 13:48:19'),
(634, '202011082OPB8AKQL2', '1', 0, NULL, '2020-11-08 13:48:19', '2020-11-08 13:48:19'),
(635, '20201108L3W5XRZPQQ', '1', 0, NULL, '2020-11-08 13:48:19', '2020-11-08 13:48:19'),
(636, '202011084NEC6HJ31R', '1', 0, NULL, '2020-11-08 13:48:19', '2020-11-08 13:48:19'),
(637, '20201108FDVVZ7Y3CI', '1', 0, NULL, '2020-11-08 13:48:19', '2020-11-08 13:48:19'),
(638, '202011082NZVKM4X2M', '1', 0, NULL, '2020-11-08 13:48:19', '2020-11-08 13:48:19'),
(639, '20201108MYIRSGHMJZ', '1', 0, NULL, '2020-11-08 13:48:19', '2020-11-08 13:48:19'),
(640, '20201108VCDAOAOW2F', '1', 0, NULL, '2020-11-08 13:48:19', '2020-11-08 13:48:19'),
(641, '20201108NYZ2CRREX4', '1', 0, NULL, '2020-11-08 13:48:19', '2020-11-08 13:48:19'),
(642, '20201108IHUGFS8CRE', '1', 0, NULL, '2020-11-08 13:48:19', '2020-11-08 13:48:19'),
(643, '20201108UHLJZFOE7E', '1', 0, NULL, '2020-11-08 13:48:19', '2020-11-08 13:48:19'),
(644, '202011084VLATKTPBU', '1', 0, NULL, '2020-11-08 13:48:19', '2020-11-08 13:48:19'),
(645, '202011085JEM9ML71N', '1', 0, NULL, '2020-11-08 13:48:19', '2020-11-08 13:48:19'),
(646, '20201108XCGUOYJZB1', '1', 0, NULL, '2020-11-08 13:48:19', '2020-11-08 13:48:19'),
(647, '20201108BYZPIFMAYF', '1', 0, NULL, '2020-11-08 13:48:19', '2020-11-08 13:48:19'),
(648, '20201108NICSBJ0FI2', '1', 0, NULL, '2020-11-08 13:48:19', '2020-11-08 13:48:19'),
(649, '20201108XXZKDBHH9O', '1', 0, NULL, '2020-11-08 13:48:19', '2020-11-08 13:48:19'),
(650, '20201108MGOFM6QKVN', '1', 0, NULL, '2020-11-08 13:48:19', '2020-11-08 13:48:19'),
(651, '20201108FTCZYQ0BRI', '1', 0, NULL, '2020-11-08 13:48:19', '2020-11-08 13:48:19'),
(652, '20201108VFHYWH6QPW', '1', 0, NULL, '2020-11-08 13:48:19', '2020-11-08 13:48:19'),
(653, '20201108HC3BJCKFFO', '1', 0, NULL, '2020-11-08 13:48:19', '2020-11-08 13:48:19'),
(654, '20201108IVXJR1JKLI', '1', 0, NULL, '2020-11-08 13:48:19', '2020-11-08 13:48:19'),
(655, '202011086JQUOINHNK', '1', 0, NULL, '2020-11-08 13:48:19', '2020-11-08 13:48:19'),
(656, '20201108XI9NFCEPYE', '1', 0, NULL, '2020-11-08 13:48:19', '2020-11-08 13:48:19'),
(657, '20201108HNUXJPMXJC', '1', 0, NULL, '2020-11-08 13:48:19', '2020-11-08 13:48:19'),
(658, '20201108UUKLE4ETXZ', '1', 0, NULL, '2020-11-08 13:48:19', '2020-11-08 13:48:19'),
(659, '20201108WPHB6OAZDQ', '1', 0, NULL, '2020-11-08 13:48:19', '2020-11-08 13:48:19'),
(660, '20201108CYB4OQKZFF', '1', 0, NULL, '2020-11-08 13:48:19', '2020-11-08 13:48:19'),
(661, '20201108MZCGMGE8IH', '1', 0, NULL, '2020-11-08 13:48:19', '2020-11-08 13:48:19'),
(662, '20201108CQNQ2AD35S', '1', 0, NULL, '2020-11-08 13:48:19', '2020-11-08 13:48:19'),
(663, '20201108OUUYIVBZQJ', '1', 0, NULL, '2020-11-08 13:48:19', '2020-11-08 13:48:19'),
(664, '20201108JMFGPHLHLX', '1', 0, NULL, '2020-11-08 13:48:19', '2020-11-08 13:48:19'),
(665, '20201108YF08OEUDJN', '1', 0, NULL, '2020-11-08 13:48:19', '2020-11-08 13:48:19'),
(666, '20201108KWZLPV8III', '1', 0, NULL, '2020-11-08 13:48:19', '2020-11-08 13:48:19'),
(667, '20201108TI54JNRQ5T', '1', 0, NULL, '2020-11-08 13:48:19', '2020-11-08 13:48:19'),
(668, '20201108O4DWVENFK3', '1', 0, NULL, '2020-11-08 13:48:19', '2020-11-08 13:48:19'),
(669, '20201108J03KGY7SCS', '1', 0, NULL, '2020-11-08 13:48:19', '2020-11-08 13:48:19'),
(670, '20201108MPH7TU7LU6', '1', 0, NULL, '2020-11-08 13:48:19', '2020-11-08 13:48:19'),
(671, '20201108CZ7LTERX5R', '1', 0, NULL, '2020-11-08 13:48:19', '2020-11-08 13:48:19'),
(672, '20201108U3N2WRNI4W', '1', 0, NULL, '2020-11-08 13:48:19', '2020-11-08 13:48:19'),
(673, '202011082SYONGSBJP', '1', 0, NULL, '2020-11-08 13:48:19', '2020-11-08 13:48:19'),
(674, '20201108I3AQJJ4WLG', '1', 0, NULL, '2020-11-08 13:48:19', '2020-11-08 13:48:19'),
(675, '20201108EA1LPH7AR8', '1', 0, NULL, '2020-11-08 13:48:19', '2020-11-08 13:48:19'),
(676, '20201108VI7XVRC4GZ', '1', 0, NULL, '2020-11-08 13:48:19', '2020-11-08 13:48:19'),
(677, '20201108F6EEYMUU1K', '1', 0, NULL, '2020-11-08 13:48:19', '2020-11-08 13:48:19'),
(678, '202011083LIQLEUPJH', '1', 0, NULL, '2020-11-08 13:48:19', '2020-11-08 13:48:19'),
(679, '20201108JSCJREJYDF', '1', 0, NULL, '2020-11-08 13:48:19', '2020-11-08 13:48:19'),
(680, '20201108XQ81N7ELAW', '1', 0, NULL, '2020-11-08 13:48:19', '2020-11-08 13:48:19'),
(681, '202011086PDGCBC17X', '1', 0, NULL, '2020-11-08 13:48:19', '2020-11-08 13:48:19'),
(682, '202011087C0YADH97B', '1', 0, NULL, '2020-11-08 13:48:19', '2020-11-08 13:48:19'),
(683, '202011089C7R3U1ODV', '1', 0, NULL, '2020-11-08 13:48:19', '2020-11-08 13:48:19'),
(684, '20201108FH7NPLM62Z', '1', 0, NULL, '2020-11-08 13:48:19', '2020-11-08 13:48:19'),
(685, '20201108WV6OEJ78EQ', '1', 0, NULL, '2020-11-08 13:48:19', '2020-11-08 13:48:19'),
(686, '20201108XSKYPOSVMR', '1', 0, NULL, '2020-11-08 13:48:19', '2020-11-08 13:48:19'),
(687, '20201108FSIYGFHNUQ', '1', 0, NULL, '2020-11-08 13:48:19', '2020-11-08 13:48:19'),
(688, '20201108JDRUACMVZJ', '1', 0, NULL, '2020-11-08 13:48:19', '2020-11-08 13:48:19'),
(689, '20201108XRLWCXRQYW', '1', 0, NULL, '2020-11-08 13:48:19', '2020-11-08 13:48:19'),
(690, '20201108QVWTRT4N3R', '1', 0, NULL, '2020-11-08 13:48:19', '2020-11-08 13:48:19'),
(691, '20201108AJNWIKNIKB', '1', 0, NULL, '2020-11-08 13:48:19', '2020-11-08 13:48:19'),
(692, '20201108J0FIDQL6RH', '1', 0, NULL, '2020-11-08 13:48:19', '2020-11-08 13:48:19'),
(693, '20201108ONTDOYGY94', '1', 0, NULL, '2020-11-08 13:48:19', '2020-11-08 13:48:19'),
(694, '202011080TV3FFJ0SI', '1', 0, NULL, '2020-11-08 13:48:19', '2020-11-08 13:48:19'),
(695, '202011083M0NITQFML', '1', 0, NULL, '2020-11-08 13:48:19', '2020-11-08 13:48:19'),
(696, '20201108JTROJUMXUM', '1', 0, NULL, '2020-11-08 13:48:19', '2020-11-08 13:48:19'),
(697, '20201108YS7LC6WAB0', '1', 0, NULL, '2020-11-08 13:48:19', '2020-11-08 13:48:19'),
(698, '20201108WUN0HSB53F', '1', 0, NULL, '2020-11-08 13:48:19', '2020-11-08 13:48:19'),
(699, '20201108BKUEPCHH66', '1', 0, NULL, '2020-11-08 13:48:19', '2020-11-08 13:48:19'),
(700, '20201108EM44TNAZTW', '1', 0, NULL, '2020-11-08 13:48:19', '2020-11-08 13:48:19'),
(701, '20201108N1BQ86O2WM', '1', 0, NULL, '2020-11-08 13:48:19', '2020-11-08 13:48:19'),
(702, '20201108QKXVXKLNP9', '1', 0, NULL, '2020-11-08 13:48:19', '2020-11-08 13:48:19'),
(703, '20201108U9ADX9Z02X', '1', 0, NULL, '2020-11-08 13:48:19', '2020-11-08 13:48:19'),
(704, '20201108KC3RF1YXGF', '1', 0, NULL, '2020-11-08 13:48:19', '2020-11-08 13:48:19'),
(705, '20201108BTK31TYZ9T', '1', 0, NULL, '2020-11-08 13:48:19', '2020-11-08 13:48:19'),
(706, '202011088T3RVBTGHH', '1', 0, NULL, '2020-11-08 13:48:19', '2020-11-08 13:48:19'),
(707, '20201108JKRPFLULXS', '1', 0, NULL, '2020-11-08 13:48:19', '2020-11-08 13:48:19'),
(708, '202011086NH5QURAXH', '1', 0, NULL, '2020-11-08 13:48:19', '2020-11-08 13:48:19'),
(709, '20201108DCFYIDYDAR', '1', 0, NULL, '2020-11-08 13:48:19', '2020-11-08 13:48:19'),
(710, '20201108FTKITKAFFM', '1', 0, NULL, '2020-11-08 13:48:19', '2020-11-08 13:48:19'),
(711, '202011087DZS3CQLPQ', '1', 0, NULL, '2020-11-08 13:48:19', '2020-11-08 13:48:19'),
(712, '20201108Y9JEM04RSO', '1', 0, NULL, '2020-11-08 13:48:19', '2020-11-08 13:48:19'),
(713, '20201108USP8GTTBWT', '1', 0, NULL, '2020-11-08 13:48:19', '2020-11-08 13:48:19'),
(714, '202011081DWGZENQYI', '1', 0, NULL, '2020-11-08 13:48:19', '2020-11-08 13:48:19'),
(715, '202011081RO3OW1R7L', '1', 0, NULL, '2020-11-08 13:48:19', '2020-11-08 13:48:19'),
(716, '20201108HWS1K2IRH3', '1', 0, NULL, '2020-11-08 13:48:19', '2020-11-08 13:48:19'),
(717, '20201108UBVDOQF9PR', '1', 0, NULL, '2020-11-08 13:48:19', '2020-11-08 13:48:19'),
(718, '20201108EBJQPZIZV6', '1', 0, NULL, '2020-11-08 13:48:19', '2020-11-08 13:48:19'),
(719, '20201108BAQ82H8AFF', '1', 0, NULL, '2020-11-08 13:48:19', '2020-11-08 13:48:19'),
(720, '20201108UGVWLVB2GA', '1', 0, NULL, '2020-11-08 13:48:19', '2020-11-08 13:48:19'),
(721, '2020110820DGVSJSYB', '1', 0, NULL, '2020-11-08 13:48:19', '2020-11-08 13:48:19'),
(722, '20201108AZO0H0GF7T', '1', 0, NULL, '2020-11-08 13:48:19', '2020-11-08 13:48:19'),
(723, '20201108IDJOZ3M4CY', '1', 0, NULL, '2020-11-08 13:48:19', '2020-11-08 13:48:19'),
(724, '20201108BSEBTSA9HO', '1', 0, NULL, '2020-11-08 13:48:19', '2020-11-08 13:48:19'),
(725, '20201108MB0WQASDXJ', '1', 0, NULL, '2020-11-08 13:48:19', '2020-11-08 13:48:19'),
(726, '20201108EWFX2UAJT8', '1', 0, NULL, '2020-11-08 13:48:19', '2020-11-08 13:48:19'),
(727, '20201108GXKPFNPGIV', '1', 0, NULL, '2020-11-08 13:48:19', '2020-11-08 13:48:19'),
(728, '20201108KYPMUEN2BW', '1', 0, NULL, '2020-11-08 13:48:19', '2020-11-08 13:48:19'),
(729, '20201108LCBQHFYS9R', '1', 0, NULL, '2020-11-08 13:48:19', '2020-11-08 13:48:19'),
(730, '20201108VOCHNOLMTS', '1', 0, NULL, '2020-11-08 13:48:19', '2020-11-08 13:48:19'),
(731, '20201108DXSACCATKH', '1', 0, NULL, '2020-11-08 13:48:19', '2020-11-08 13:48:19'),
(732, '20201108AQNKGXBEOP', '1', 0, NULL, '2020-11-08 13:48:19', '2020-11-08 13:48:19'),
(733, '20201108LPKRGT6LNO', '1', 0, NULL, '2020-11-08 13:48:19', '2020-11-08 13:48:19'),
(734, '20201108Y8NYPVSCFE', '1', 0, NULL, '2020-11-08 13:48:19', '2020-11-08 13:48:19'),
(735, '20201108TKUDN3G1OB', '1', 0, NULL, '2020-11-08 13:48:19', '2020-11-08 13:48:19'),
(736, '20201108LONLTNM0Z8', '1', 0, NULL, '2020-11-08 13:48:19', '2020-11-08 13:48:19'),
(737, '202011088J4G2IDQQR', '1', 0, NULL, '2020-11-08 13:48:19', '2020-11-08 13:48:19'),
(738, '20201108HYSBS2AVBY', '1', 0, NULL, '2020-11-08 13:48:19', '2020-11-08 13:48:19'),
(739, '20201108VKXT3JJ5MB', '1', 0, NULL, '2020-11-08 13:48:19', '2020-11-08 13:48:19'),
(740, '20201108RPZGIYGKQM', '1', 0, NULL, '2020-11-08 13:48:19', '2020-11-08 13:48:19'),
(741, '20201108ZOKQCBESTL', '1', 0, NULL, '2020-11-08 13:48:19', '2020-11-08 13:48:19'),
(742, '20201108JWWSRBGUEP', '1', 0, NULL, '2020-11-08 13:48:19', '2020-11-08 13:48:19'),
(743, '20201108VQDLIQFFTE', '1', 0, NULL, '2020-11-08 13:48:19', '2020-11-08 13:48:19'),
(744, '20201108MOIHF5AWOZ', '1', 0, NULL, '2020-11-08 13:48:19', '2020-11-08 13:48:19'),
(745, '20201108DZD4L10KOX', '1', 0, NULL, '2020-11-08 13:48:19', '2020-11-08 13:48:19'),
(746, '20201108SDJNK3QRPM', '1', 0, NULL, '2020-11-08 13:48:19', '2020-11-08 13:48:19'),
(747, '20201108R5HJOX0HRH', '1', 0, NULL, '2020-11-08 13:48:19', '2020-11-08 13:48:19'),
(748, '20201108TQKXUQTJPS', '1', 0, NULL, '2020-11-08 13:48:19', '2020-11-08 13:48:19'),
(749, '202011087MAVGQEZJB', '1', 0, NULL, '2020-11-08 13:48:19', '2020-11-08 13:48:19'),
(750, '20201108DEEN1JE7Q7', '1', 0, NULL, '2020-11-08 13:48:19', '2020-11-08 13:48:19'),
(751, '20201108BPOT62VUZY', '1', 0, NULL, '2020-11-08 13:48:19', '2020-11-08 13:48:19'),
(752, '20201108IJ5KKKD8RW', '1', 0, NULL, '2020-11-08 13:48:19', '2020-11-08 13:48:19'),
(753, '20201108HGW3GIAVBA', '1', 0, NULL, '2020-11-08 13:48:19', '2020-11-08 13:48:19'),
(754, '20201108KQV86SOOY6', '1', 0, NULL, '2020-11-08 13:48:19', '2020-11-08 13:48:19'),
(755, '20201108ACLBBZCWWJ', '1', 0, NULL, '2020-11-08 13:48:19', '2020-11-08 13:48:19'),
(756, '20201108KTIFGVTJEG', '1', 0, NULL, '2020-11-08 13:48:19', '2020-11-08 13:48:19'),
(757, '202011080T3OMFLQDE', '1', 0, NULL, '2020-11-08 13:48:19', '2020-11-08 13:48:19'),
(758, '20201108B2K6HGT5DD', '1', 0, NULL, '2020-11-08 13:48:19', '2020-11-08 13:48:19'),
(759, '20201108PBSWX8I5YV', '1', 0, NULL, '2020-11-08 13:48:19', '2020-11-08 13:48:19'),
(760, '20201108QKHPKIKR8P', '1', 0, NULL, '2020-11-08 13:48:19', '2020-11-08 13:48:19'),
(761, '202011086ZYUBB3JCG', '1', 0, NULL, '2020-11-08 13:48:19', '2020-11-08 13:48:19'),
(762, '20201108TITUJFMYCQ', '1', 0, NULL, '2020-11-08 13:48:19', '2020-11-08 13:48:19'),
(763, '20201108H47OLRE4DC', '1', 0, NULL, '2020-11-08 13:48:19', '2020-11-08 13:48:19'),
(764, '20201108OSSVVUBAOS', '1', 0, NULL, '2020-11-08 13:48:19', '2020-11-08 13:48:19'),
(765, '202011087QCYHIIUTQ', '1', 0, NULL, '2020-11-08 13:48:19', '2020-11-08 13:48:19'),
(766, '20201108KR1T6WDEWZ', '1', 0, NULL, '2020-11-08 13:48:19', '2020-11-08 13:48:19'),
(767, '202011088BYE4IOQX3', '1', 0, NULL, '2020-11-08 13:48:19', '2020-11-08 13:48:19'),
(768, '20201108TYAWFAEF2X', '1', 0, NULL, '2020-11-08 13:48:19', '2020-11-08 13:48:19'),
(769, '20201108VAJSR98JYH', '1', 0, NULL, '2020-11-08 13:48:19', '2020-11-08 13:48:19'),
(770, '2020110870PNPLZOO7', '1', 0, NULL, '2020-11-08 13:48:19', '2020-11-08 13:48:19'),
(771, '20201108IJDZSPQTWF', '1', 0, NULL, '2020-11-08 13:48:19', '2020-11-08 13:48:19'),
(772, '20201108HK12UZQRHG', '1', 0, NULL, '2020-11-08 13:48:19', '2020-11-08 13:48:19'),
(773, '20201108WJ4CFGWFNI', '1', 0, NULL, '2020-11-08 13:48:19', '2020-11-08 13:48:19'),
(774, '20201108M9VHDQYYFP', '1', 0, NULL, '2020-11-08 13:48:19', '2020-11-08 13:48:19'),
(775, '20201108QHVERMJL3S', '1', 0, NULL, '2020-11-08 13:48:19', '2020-11-08 13:48:19'),
(776, '20201108SPSROFATTX', '1', 0, NULL, '2020-11-08 13:48:19', '2020-11-08 13:48:19'),
(777, '20201108ZGV3VNSHSN', '1', 0, NULL, '2020-11-08 13:48:19', '2020-11-08 13:48:19'),
(778, '20201108THZUQZGQKH', '1', 0, NULL, '2020-11-08 13:48:19', '2020-11-08 13:48:19'),
(779, '20201108R047ZXDGTE', '1', 0, NULL, '2020-11-08 13:48:19', '2020-11-08 13:48:19'),
(780, '20201108WFHVU8IDIH', '1', 0, NULL, '2020-11-08 13:48:19', '2020-11-08 13:48:19'),
(781, '20201108OUOUSGMLTG', '1', 0, NULL, '2020-11-08 13:48:19', '2020-11-08 13:48:19'),
(782, '20201108WJPHDVDSXK', '1', 0, NULL, '2020-11-08 13:48:19', '2020-11-08 13:48:19'),
(783, '2020110890GY09PCUW', '1', 0, NULL, '2020-11-08 13:48:19', '2020-11-08 13:48:19'),
(784, '202011085R0I7NOR7Y', '1', 0, NULL, '2020-11-08 13:48:19', '2020-11-08 13:48:19'),
(785, '202011081JPVTC3QYG', '1', 0, NULL, '2020-11-08 13:48:19', '2020-11-08 13:48:19'),
(786, '20201108ZYIHIDU91M', '1', 0, NULL, '2020-11-08 13:48:19', '2020-11-08 13:48:19'),
(787, '20201108YGY1S9XRD5', '1', 0, NULL, '2020-11-08 13:48:19', '2020-11-08 13:48:19'),
(788, '20201108VJBQPB8AGD', '1', 0, NULL, '2020-11-08 13:48:19', '2020-11-08 13:48:19'),
(789, '202011084DCQWU4REV', '1', 0, NULL, '2020-11-08 13:48:19', '2020-11-08 13:48:19'),
(790, '20201108CT5XNAP2SA', '1', 0, NULL, '2020-11-08 13:48:19', '2020-11-08 13:48:19'),
(791, '20201108LHRVBMQRZN', '1', 0, NULL, '2020-11-08 13:48:19', '2020-11-08 13:48:19'),
(792, '20201108KDV9UHJYFN', '1', 0, NULL, '2020-11-08 13:48:19', '2020-11-08 13:48:19'),
(793, '20201108SZJYO0ANZN', '1', 0, NULL, '2020-11-08 13:48:19', '2020-11-08 13:48:19'),
(794, '20201108QO0L0EQ5XQ', '1', 0, NULL, '2020-11-08 13:48:19', '2020-11-08 13:48:19'),
(795, '20201108JWCNWN3ZKQ', '1', 0, NULL, '2020-11-08 13:48:19', '2020-11-08 13:48:19'),
(796, '202011081RN2GVLEGX', '1', 0, NULL, '2020-11-08 13:48:19', '2020-11-08 13:48:19'),
(797, '20201108H7EDVIUKQ2', '1', 0, NULL, '2020-11-08 13:48:19', '2020-11-08 13:48:19'),
(798, '2020110812DKPNT3DK', '1', 0, NULL, '2020-11-08 13:48:19', '2020-11-08 13:48:19'),
(799, '202011085QJUGXL663', '1', 0, NULL, '2020-11-08 13:48:19', '2020-11-08 13:48:19'),
(800, '20201108OTNRM6QOVK', '1', 0, NULL, '2020-11-08 13:48:19', '2020-11-08 13:48:19'),
(801, '202011082CEIMGYGQM', '1', 0, NULL, '2020-11-08 13:48:19', '2020-11-08 13:48:19'),
(802, '2020110860N4UYNABX', '1', 0, NULL, '2020-11-08 13:48:19', '2020-11-08 13:48:19'),
(803, '20201108CA5UCSCUPE', '1', 0, NULL, '2020-11-08 13:48:19', '2020-11-08 13:48:19'),
(804, '20201108LURKL65DKD', '1', 0, NULL, '2020-11-08 13:48:19', '2020-11-08 13:48:19'),
(805, '202011085QKGLUSE7N', '1', 0, NULL, '2020-11-08 13:48:19', '2020-11-08 13:48:19'),
(806, '20201108EVRLIMGMFH', '1', 0, NULL, '2020-11-08 13:48:19', '2020-11-08 13:48:19'),
(807, '20201108EEWWCRB9BX', '1', 0, NULL, '2020-11-08 13:48:19', '2020-11-08 13:48:19'),
(808, '20201108TLMHVUFG4J', '1', 0, NULL, '2020-11-08 13:48:19', '2020-11-08 13:48:19'),
(809, '20201108HPALBQP6OO', '1', 0, NULL, '2020-11-08 13:48:19', '2020-11-08 13:48:19'),
(810, '20201108MF1WWGIZVB', '1', 0, NULL, '2020-11-08 13:48:19', '2020-11-08 13:48:19'),
(811, '20201108VQF8CBJPXT', '1', 0, NULL, '2020-11-08 13:48:19', '2020-11-08 13:48:19'),
(812, '20201108ZMZWOD99MP', '1', 0, NULL, '2020-11-08 13:48:19', '2020-11-08 13:48:19'),
(813, '20201108U8MCDVKBWR', '1', 0, NULL, '2020-11-08 13:48:19', '2020-11-08 13:48:19'),
(814, '202011086MLNR8VRL8', '1', 0, NULL, '2020-11-08 13:48:19', '2020-11-08 13:48:19'),
(815, '202011088XGNF4SY3W', '1', 0, NULL, '2020-11-08 13:48:19', '2020-11-08 13:48:19'),
(816, '20201108JCNI1ILDGE', '1', 0, NULL, '2020-11-08 13:48:19', '2020-11-08 13:48:19'),
(817, '20201108MQWAGJQG44', '1', 0, NULL, '2020-11-08 13:48:19', '2020-11-08 13:48:19'),
(818, '20201108JW1NMYQKXZ', '1', 0, NULL, '2020-11-08 13:48:19', '2020-11-08 13:48:19'),
(819, '202011081O0F4QWN3P', '1', 0, NULL, '2020-11-08 13:48:19', '2020-11-08 13:48:19'),
(820, '202011087BV8Q0EGPI', '1', 0, NULL, '2020-11-08 13:48:19', '2020-11-08 13:48:19'),
(821, '202011085H0JXSGC7X', '1', 0, NULL, '2020-11-08 13:48:19', '2020-11-08 13:48:19'),
(822, '20201108CYDZ1QHNN1', '1', 0, NULL, '2020-11-08 13:48:19', '2020-11-08 13:48:19'),
(823, '20201108GQHU6QFUBN', '1', 0, NULL, '2020-11-08 13:48:19', '2020-11-08 13:48:19'),
(824, '20201108UE3ZOD8ECQ', '1', 0, NULL, '2020-11-08 13:48:19', '2020-11-08 13:48:19'),
(825, '20201108LNTQIE35TP', '1', 0, NULL, '2020-11-08 13:48:19', '2020-11-08 13:48:19'),
(826, '20201108OF9UHJ5FZW', '1', 0, NULL, '2020-11-08 13:48:19', '2020-11-08 13:48:19'),
(827, '20201108PPLI6FSSGD', '1', 0, NULL, '2020-11-08 13:48:19', '2020-11-08 13:48:19'),
(828, '20201108EFUD5HSLAG', '1', 0, NULL, '2020-11-08 13:48:19', '2020-11-08 13:48:19'),
(829, '20201108ISZABCO6HT', '1', 0, NULL, '2020-11-08 13:48:19', '2020-11-08 13:48:19'),
(830, '20201108DNMIFCQRNV', '1', 0, NULL, '2020-11-08 13:48:19', '2020-11-08 13:48:19'),
(831, '20201108MPQWOGHJQF', '1', 0, NULL, '2020-11-08 13:48:19', '2020-11-08 13:48:19'),
(832, '20201108DULBVWWA8R', '1', 0, NULL, '2020-11-08 13:48:19', '2020-11-08 13:48:19'),
(833, '20201108DZHTUOMXDN', '1', 0, NULL, '2020-11-08 13:48:19', '2020-11-08 13:48:19'),
(834, '20201108WGDKG8RL8C', '1', 0, NULL, '2020-11-08 13:48:19', '2020-11-08 13:48:19'),
(835, '20201108PARZ8GGJ2I', '1', 0, NULL, '2020-11-08 13:48:19', '2020-11-08 13:48:19'),
(836, '202011086TG6YC0EGS', '1', 0, NULL, '2020-11-08 13:48:19', '2020-11-08 13:48:19'),
(837, '202011084VZGXR4RKF', '1', 0, NULL, '2020-11-08 13:48:19', '2020-11-08 13:48:19'),
(838, '20201108VTISCDULK2', '1', 0, NULL, '2020-11-08 13:48:19', '2020-11-08 13:48:19'),
(839, '20201108FSGL26ANKA', '1', 0, NULL, '2020-11-08 13:48:19', '2020-11-08 13:48:19'),
(840, '20201108L5UJYFEDV1', '1', 0, NULL, '2020-11-08 13:48:19', '2020-11-08 13:48:19'),
(841, '20201108E6DN6UYGLF', '1', 0, NULL, '2020-11-08 13:48:19', '2020-11-08 13:48:19'),
(842, '20201108EODYBMNKC9', '1', 0, NULL, '2020-11-08 13:48:19', '2020-11-08 13:48:19'),
(843, '20201108J5HMABYNFY', '1', 0, NULL, '2020-11-08 13:48:19', '2020-11-08 13:48:19'),
(844, '20201108OBXY9XREC0', '1', 0, NULL, '2020-11-08 13:48:19', '2020-11-08 13:48:19'),
(845, '20201108BJAC8HD3SM', '1', 0, NULL, '2020-11-08 13:48:19', '2020-11-08 13:48:19'),
(846, '20201108DIT92ZTLT3', '1', 0, NULL, '2020-11-08 13:48:19', '2020-11-08 13:48:19'),
(847, '20201108LQIJLDTWD1', '1', 0, NULL, '2020-11-08 13:48:19', '2020-11-08 13:48:19'),
(848, '20201108913JHBWH31', '1', 0, NULL, '2020-11-08 13:48:19', '2020-11-08 13:48:19'),
(849, '20201108PRRAIAYVCC', '1', 0, NULL, '2020-11-08 13:48:19', '2020-11-08 13:48:19'),
(850, '20201108A0GBXGHTHS', '1', 0, NULL, '2020-11-08 13:48:19', '2020-11-08 13:48:19'),
(851, '20201108TDSBLIHTVU', '1', 0, NULL, '2020-11-08 13:48:19', '2020-11-08 13:48:19'),
(852, '20201108UIJAE0WBGB', '1', 0, NULL, '2020-11-08 13:48:19', '2020-11-08 13:48:19'),
(853, '20201108PM9EQO1WXM', '1', 0, NULL, '2020-11-08 13:48:19', '2020-11-08 13:48:19'),
(854, '20201108RULFLC7WWW', '1', 0, NULL, '2020-11-08 13:48:19', '2020-11-08 13:48:19'),
(855, '20201108QTTJHDEGJN', '1', 0, NULL, '2020-11-08 13:48:19', '2020-11-08 13:48:19'),
(856, '20201108INXMRQSVBE', '1', 0, NULL, '2020-11-08 13:48:19', '2020-11-08 13:48:19'),
(857, '20201108ZLFVPBNTLE', '1', 0, NULL, '2020-11-08 13:48:19', '2020-11-08 13:48:19'),
(858, '20201108K7VZWYIYMC', '1', 0, NULL, '2020-11-08 13:48:19', '2020-11-08 13:48:19'),
(859, '20201108ZBDJ59F5UQ', '1', 0, NULL, '2020-11-08 13:48:19', '2020-11-08 13:48:19'),
(860, '2020110856OAEHCIFP', '1', 0, NULL, '2020-11-08 13:48:19', '2020-11-08 13:48:19'),
(861, '20201108PFIBRP05XA', '1', 0, NULL, '2020-11-08 13:48:19', '2020-11-08 13:48:19'),
(862, '20201108LZZ0NRHRU2', '1', 0, NULL, '2020-11-08 13:48:19', '2020-11-08 13:48:19'),
(863, '20201108MXCDKSPHSE', '1', 0, NULL, '2020-11-08 13:48:19', '2020-11-08 13:48:19'),
(864, '20201108F7C7YBLSRK', '1', 0, NULL, '2020-11-08 13:48:19', '2020-11-08 13:48:19'),
(865, '20201108IKZARYYHVQ', '1', 0, NULL, '2020-11-08 13:48:19', '2020-11-08 13:48:19'),
(866, '20201108W3FWQZUTYK', '1', 0, NULL, '2020-11-08 13:48:19', '2020-11-08 13:48:19'),
(867, '20201108WTYBCSB3IS', '1', 0, NULL, '2020-11-08 13:48:19', '2020-11-08 13:48:19'),
(868, '20201108RXFACBV0QB', '1', 0, NULL, '2020-11-08 13:48:19', '2020-11-08 13:48:19'),
(869, '20201108ISHA8WGVZE', '1', 0, NULL, '2020-11-08 13:48:19', '2020-11-08 13:48:19'),
(870, '20201108SCYHAHY5HJ', '1', 0, NULL, '2020-11-08 13:48:19', '2020-11-08 13:48:19'),
(871, '20201108UQVB1RWJRH', '1', 0, NULL, '2020-11-08 13:48:19', '2020-11-08 13:48:19'),
(872, '20201108QR37GTBFMV', '1', 0, NULL, '2020-11-08 13:48:19', '2020-11-08 13:48:19'),
(873, '20201108EBPH0PXZAA', '1', 0, NULL, '2020-11-08 13:48:19', '2020-11-08 13:48:19'),
(874, '20201108HUNTOSBHI4', '1', 0, NULL, '2020-11-08 13:48:19', '2020-11-08 13:48:19'),
(875, '20201108ZDNQQMSIEZ', '1', 0, NULL, '2020-11-08 13:48:19', '2020-11-08 13:48:19'),
(876, '20201108AKDKI8KDFZ', '1', 0, NULL, '2020-11-08 13:48:19', '2020-11-08 13:48:19'),
(877, '20201108KN7I15T20D', '1', 0, NULL, '2020-11-08 13:48:19', '2020-11-08 13:48:19'),
(878, '202011080IFUU3UOEP', '1', 0, NULL, '2020-11-08 13:48:19', '2020-11-08 13:48:19'),
(879, '202011081BCZRKID2G', '1', 0, NULL, '2020-11-08 13:48:19', '2020-11-08 13:48:19'),
(880, '20201108QYVCE0QEVS', '1', 0, NULL, '2020-11-08 13:48:19', '2020-11-08 13:48:19'),
(881, '20201108MVVHGMZGM1', '1', 0, NULL, '2020-11-08 13:48:19', '2020-11-08 13:48:19'),
(882, '20201108LABEIODGG8', '1', 0, NULL, '2020-11-08 13:48:19', '2020-11-08 13:48:19'),
(883, '20201108NEBVL8TYUC', '1', 0, NULL, '2020-11-08 13:48:19', '2020-11-08 13:48:19'),
(884, '20201108PFXOIJDMHE', '1', 0, NULL, '2020-11-08 13:48:19', '2020-11-08 13:48:19'),
(885, '20201108FM9LLWJ3HN', '1', 0, NULL, '2020-11-08 13:48:19', '2020-11-08 13:48:19'),
(886, '20201108JPQAS7RVOT', '1', 0, NULL, '2020-11-08 13:48:19', '2020-11-08 13:48:19'),
(887, '20201108NYMF1XP8DS', '1', 0, NULL, '2020-11-08 13:48:19', '2020-11-08 13:48:19'),
(888, '20201108A8VULGXDFQ', '1', 0, NULL, '2020-11-08 13:48:19', '2020-11-08 13:48:19'),
(889, '20201108DKIW9YL2VH', '1', 0, NULL, '2020-11-08 13:48:19', '2020-11-08 13:48:19'),
(890, '2020110814CH3VZ9CF', '1', 0, NULL, '2020-11-08 13:48:19', '2020-11-08 13:48:19'),
(891, '20201108HGWV5IEKAO', '1', 0, NULL, '2020-11-08 13:48:19', '2020-11-08 13:48:19'),
(892, '20201108UHLA3T4E09', '1', 0, NULL, '2020-11-08 13:48:19', '2020-11-08 13:48:19'),
(893, '2020110843ARZMR8CP', '1', 0, NULL, '2020-11-08 13:48:19', '2020-11-08 13:48:19'),
(894, '20201108IFURYNOPA1', '1', 0, NULL, '2020-11-08 13:48:19', '2020-11-08 13:48:19'),
(895, '20201108KNFGZGIBPG', '1', 0, NULL, '2020-11-08 13:48:19', '2020-11-08 13:48:19'),
(896, '20201108W9DCMRWQJO', '1', 0, NULL, '2020-11-08 13:48:19', '2020-11-08 13:48:19'),
(897, '202011082SK86OF5DP', '1', 0, NULL, '2020-11-08 13:48:19', '2020-11-08 13:48:19'),
(898, '2020110866EHZHKJVT', '1', 0, NULL, '2020-11-08 13:48:19', '2020-11-08 13:48:19'),
(899, '20201108INYQIRMUOT', '1', 0, NULL, '2020-11-08 13:48:19', '2020-11-08 13:48:19'),
(900, '20201108UILOMEBOO3', '1', 0, NULL, '2020-11-08 13:48:19', '2020-11-08 13:48:19'),
(901, '20201108FCB4BDXOLP', '1', 0, NULL, '2020-11-08 13:48:19', '2020-11-08 13:48:19'),
(902, '20201108NIETY84FIT', '1', 0, NULL, '2020-11-08 13:48:19', '2020-11-08 13:48:19'),
(903, '20201108Z9XRQGIZFO', '1', 0, NULL, '2020-11-08 13:48:19', '2020-11-08 13:48:19'),
(904, '20201108UXVH478RJG', '1', 0, NULL, '2020-11-08 13:48:19', '2020-11-08 13:48:19'),
(905, '20201108F5MQRHOK2K', '1', 0, NULL, '2020-11-08 13:48:19', '2020-11-08 13:48:19'),
(906, '20201108QHMGQISBHQ', '1', 0, NULL, '2020-11-08 13:48:19', '2020-11-08 13:48:19'),
(907, '20201108REKKJ8X5VN', '1', 0, NULL, '2020-11-08 13:48:19', '2020-11-08 13:48:19'),
(908, '20201108KX93MRVVVY', '1', 0, NULL, '2020-11-08 13:48:19', '2020-11-08 13:48:19'),
(909, '20201108FZG2WTTN9D', '1', 0, NULL, '2020-11-08 13:48:19', '2020-11-08 13:48:19'),
(910, '20201108UHUCR9RYFQ', '1', 0, NULL, '2020-11-08 13:48:19', '2020-11-08 13:48:19'),
(911, '20201108Z9PTYJUG6K', '1', 0, NULL, '2020-11-08 13:48:19', '2020-11-08 13:48:19'),
(912, '20201108VPJVKSSPHS', '1', 0, NULL, '2020-11-08 13:48:19', '2020-11-08 13:48:19'),
(913, '20201108IZROVQ0CVK', '1', 0, NULL, '2020-11-08 13:48:19', '2020-11-08 13:48:19'),
(914, '20201108ED3UWFGNME', '1', 0, NULL, '2020-11-08 13:48:19', '2020-11-08 13:48:19'),
(915, '20201108SVLNQRJPLG', '1', 0, NULL, '2020-11-08 13:48:19', '2020-11-08 13:48:19'),
(916, '20201108EJNG9NDPN2', '1', 0, NULL, '2020-11-08 13:48:19', '2020-11-08 13:48:19'),
(917, '20201108FOAXV7EBYX', '1', 0, NULL, '2020-11-08 13:48:19', '2020-11-08 13:48:19'),
(918, '20201108FPK2ULL4QJ', '1', 0, NULL, '2020-11-08 13:48:19', '2020-11-08 13:48:19'),
(919, '20201108BH1VTDV8AB', '1', 0, NULL, '2020-11-08 13:48:19', '2020-11-08 13:48:19'),
(920, '20201108KRIPA0TALC', '1', 0, NULL, '2020-11-08 13:48:19', '2020-11-08 13:48:19'),
(921, '202011086XPI6H5HLV', '1', 0, NULL, '2020-11-08 13:48:19', '2020-11-08 13:48:19'),
(922, '20201108RXYVS7SSD1', '1', 0, NULL, '2020-11-08 13:48:19', '2020-11-08 13:48:19'),
(923, '20201108KPSDKHUAHY', '1', 0, NULL, '2020-11-08 13:48:19', '2020-11-08 13:48:19'),
(924, '20201108BLONXVSBAL', '1', 0, NULL, '2020-11-08 13:48:19', '2020-11-08 13:48:19'),
(925, '20201108GSMRHKVFSW', '1', 0, NULL, '2020-11-08 13:48:19', '2020-11-08 13:48:19'),
(926, '20201108RPP09YARDM', '1', 0, NULL, '2020-11-08 13:48:19', '2020-11-08 13:48:19'),
(927, '20201108TUKDL2RMBG', '1', 0, NULL, '2020-11-08 13:48:19', '2020-11-08 13:48:19'),
(928, '20201108YQZSZQZZ4K', '1', 0, NULL, '2020-11-08 13:48:19', '2020-11-08 13:48:19'),
(929, '20201108U5JNUBJ4Z7', '1', 0, NULL, '2020-11-08 13:48:19', '2020-11-08 13:48:19'),
(930, '20201108GEVMTN5GVR', '1', 0, NULL, '2020-11-08 13:48:19', '2020-11-08 13:48:19'),
(931, '20201108X4EJUSEMNS', '1', 0, NULL, '2020-11-08 13:48:19', '2020-11-08 13:48:19'),
(932, '20201108AKSZQGYCIP', '1', 0, NULL, '2020-11-08 13:48:19', '2020-11-08 13:48:19'),
(933, '20201108MZG30VNTAD', '1', 0, NULL, '2020-11-08 13:48:19', '2020-11-08 13:48:19'),
(934, '20201108ZDVNWMZ5RW', '1', 0, NULL, '2020-11-08 13:48:19', '2020-11-08 13:48:19'),
(935, '20201108G7FES5XCMV', '1', 0, NULL, '2020-11-08 13:48:19', '2020-11-08 13:48:19'),
(936, '20201108YPKZL1BZ4S', '1', 0, NULL, '2020-11-08 13:48:19', '2020-11-08 13:48:19'),
(937, '20201108SEYZDXQSIM', '1', 0, NULL, '2020-11-08 13:48:19', '2020-11-08 13:48:19'),
(938, '20201108OC03OZRRWZ', '1', 0, NULL, '2020-11-08 13:48:19', '2020-11-08 13:48:19'),
(939, '20201108MSSDQRQSRO', '1', 0, NULL, '2020-11-08 13:48:19', '2020-11-08 13:48:19'),
(940, '20201108N7ONDRTON1', '1', 0, NULL, '2020-11-08 13:48:19', '2020-11-08 13:48:19'),
(941, '202011080BC69ZPY2V', '1', 0, NULL, '2020-11-08 13:48:19', '2020-11-08 13:48:19'),
(942, '20201108ZUCDVNQVMN', '1', 0, NULL, '2020-11-08 13:48:19', '2020-11-08 13:48:19'),
(943, '20201108BRZ6DI6NPV', '1', 0, NULL, '2020-11-08 13:48:19', '2020-11-08 13:48:19'),
(944, '20201108LRERUBQL8T', '1', 0, NULL, '2020-11-08 13:48:19', '2020-11-08 13:48:19'),
(945, '20201108LBUOFSIGAN', '1', 0, NULL, '2020-11-08 13:48:19', '2020-11-08 13:48:19'),
(946, '20201108CVIJHTGHUZ', '1', 0, NULL, '2020-11-08 13:48:19', '2020-11-08 13:48:19'),
(947, '20201108GWOTNDYGZB', '1', 0, NULL, '2020-11-08 13:48:19', '2020-11-08 13:48:19'),
(948, '20201108MWIAPY6GHM', '1', 0, NULL, '2020-11-08 13:48:19', '2020-11-08 13:48:19'),
(949, '20201108CHTMX1V0QY', '1', 0, NULL, '2020-11-08 13:48:19', '2020-11-08 13:48:19'),
(950, '20201108GCF1UOFUZ9', '1', 0, NULL, '2020-11-08 13:48:19', '2020-11-08 13:48:19'),
(951, '20201108T8JL9MXD8C', '1', 0, NULL, '2020-11-08 13:48:19', '2020-11-08 13:48:19'),
(952, '2020110834DKWYM0JS', '1', 0, NULL, '2020-11-08 13:48:19', '2020-11-08 13:48:19'),
(953, '20201108VMVDXRDBPQ', '1', 0, NULL, '2020-11-08 13:48:19', '2020-11-08 13:48:19'),
(954, '20201108WWTVIPKGXG', '1', 0, NULL, '2020-11-08 13:48:19', '2020-11-08 13:48:19'),
(955, '20201108MZSDUQWTJZ', '1', 0, NULL, '2020-11-08 13:48:19', '2020-11-08 13:48:19'),
(956, '20201108B76UUZLRE1', '1', 0, NULL, '2020-11-08 13:48:19', '2020-11-08 13:48:19'),
(957, '20201108LYCLVMPA6Z', '1', 0, NULL, '2020-11-08 13:48:19', '2020-11-08 13:48:19'),
(958, '2020110870PPPO5EJ5', '1', 0, NULL, '2020-11-08 13:48:19', '2020-11-08 13:48:19'),
(959, '20201108DQGHJRA36L', '1', 0, NULL, '2020-11-08 13:48:19', '2020-11-08 13:48:19'),
(960, '20201108USHQ47VRBS', '1', 0, NULL, '2020-11-08 13:48:19', '2020-11-08 13:48:19'),
(961, '20201108EPMNWZXUXJ', '1', 0, NULL, '2020-11-08 13:48:19', '2020-11-08 13:48:19'),
(962, '2020110864D40KWVJK', '1', 0, NULL, '2020-11-08 13:48:19', '2020-11-08 13:48:19'),
(963, '20201108RBKTEA1V9X', '1', 0, NULL, '2020-11-08 13:48:19', '2020-11-08 13:48:19'),
(964, '20201108P3RJRNA7UB', '1', 0, NULL, '2020-11-08 13:48:19', '2020-11-08 13:48:19'),
(965, '20201108GMYNT8OFOO', '1', 0, NULL, '2020-11-08 13:48:19', '2020-11-08 13:48:19'),
(966, '20201108B4Q43DHOHE', '1', 0, NULL, '2020-11-08 13:48:19', '2020-11-08 13:48:19'),
(967, '20201108HW7OHLZKAY', '1', 0, NULL, '2020-11-08 13:48:19', '2020-11-08 13:48:19'),
(968, '20201108AHKYDYR5K0', '1', 0, NULL, '2020-11-08 13:48:19', '2020-11-08 13:48:19'),
(969, '20201108JMOSDXO7RZ', '1', 0, NULL, '2020-11-08 13:48:19', '2020-11-08 13:48:19'),
(970, '20201108NGFHNVEDLU', '1', 0, NULL, '2020-11-08 13:48:19', '2020-11-08 13:48:19'),
(971, '20201108QLJZKYPMGL', '1', 0, NULL, '2020-11-08 13:48:19', '2020-11-08 13:48:19'),
(972, '202011089F1ZF0GW6I', '1', 0, NULL, '2020-11-08 13:48:19', '2020-11-08 13:48:19'),
(973, '20201108MYFNHFDLFR', '1', 0, NULL, '2020-11-08 13:48:19', '2020-11-08 13:48:19'),
(974, '202011084RHWZXTEV4', '1', 0, NULL, '2020-11-08 13:48:19', '2020-11-08 13:48:19'),
(975, '20201108E49OIEO4PR', '1', 0, NULL, '2020-11-08 13:48:19', '2020-11-08 13:48:19'),
(976, '20201108DJ1IQVDEP3', '1', 0, NULL, '2020-11-08 13:48:19', '2020-11-08 13:48:19'),
(977, '20201108V1XBFIQVNN', '1', 0, NULL, '2020-11-08 13:48:19', '2020-11-08 13:48:19'),
(978, '20201108DT1RZWN0AO', '1', 0, NULL, '2020-11-08 13:48:19', '2020-11-08 13:48:19'),
(979, '20201108SOMMD1N04Y', '1', 0, NULL, '2020-11-08 13:48:19', '2020-11-08 13:48:19'),
(980, '20201108ACVLOOH2UJ', '1', 0, NULL, '2020-11-08 13:48:19', '2020-11-08 13:48:19'),
(981, '20201108MNGRCJ4I4F', '1', 0, NULL, '2020-11-08 13:48:19', '2020-11-08 13:48:19'),
(982, '20201108BR7OP09B2S', '1', 0, NULL, '2020-11-08 13:48:19', '2020-11-08 13:48:19'),
(983, '20201108XDBRJZUAKL', '1', 0, NULL, '2020-11-08 13:48:19', '2020-11-08 13:48:19'),
(984, '20201108TDHP0K7A3E', '1', 0, NULL, '2020-11-08 13:48:19', '2020-11-08 13:48:19'),
(985, '20201108DFLOGS854B', '1', 0, NULL, '2020-11-08 13:48:19', '2020-11-08 13:48:19'),
(986, '202011080QLZIKAX3O', '1', 0, NULL, '2020-11-08 13:48:19', '2020-11-08 13:48:19'),
(987, '20201108NDM9Z4UUOP', '1', 0, NULL, '2020-11-08 13:48:19', '2020-11-08 13:48:19'),
(988, '20201108PMKVJPU9EL', '1', 0, NULL, '2020-11-08 13:48:19', '2020-11-08 13:48:19'),
(989, '202011085EMZUFFSXB', '1', 0, NULL, '2020-11-08 13:48:19', '2020-11-08 13:48:19'),
(990, '20201108GSJ9C7NBEC', '1', 0, NULL, '2020-11-08 13:48:19', '2020-11-08 13:48:19'),
(991, '20201108M41HTKP2PA', '1', 0, NULL, '2020-11-08 13:48:19', '2020-11-08 13:48:19'),
(992, '20201108GA7Q0HCNHZ', '1', 0, NULL, '2020-11-08 13:48:19', '2020-11-08 13:48:19'),
(993, '20201108LAIKJ6BT9C', '1', 0, NULL, '2020-11-08 13:48:19', '2020-11-08 13:48:19'),
(994, '20201108YN0V4GWRVM', '1', 0, NULL, '2020-11-08 13:48:19', '2020-11-08 13:48:19'),
(995, '20201108EFS5SZT9ER', '1', 0, NULL, '2020-11-08 13:48:19', '2020-11-08 13:48:19'),
(996, '20201108TKDMVXDUVV', '1', 0, NULL, '2020-11-08 13:48:19', '2020-11-08 13:48:19'),
(997, '20201108MYE9A4KG85', '1', 0, NULL, '2020-11-08 13:48:19', '2020-11-08 13:48:19'),
(998, '202011088NTNW8OV3V', '1', 0, NULL, '2020-11-08 13:48:19', '2020-11-08 13:48:19'),
(999, '20201108AFPXKHTKV7', '1', 0, NULL, '2020-11-08 13:48:19', '2020-11-08 13:48:19'),
(1000, '20201108QWWZ4IIWM3', '1', 0, NULL, '2020-11-08 13:48:19', '2020-11-08 13:48:19');

-- --------------------------------------------------------

--
-- Table structure for table `books`
--

CREATE TABLE `books` (
  `id` bigint(20) UNSIGNED NOT NULL,
  `judul_buku` varchar(255) COLLATE utf8mb4_unicode_ci NOT NULL,
  `penerbit` varchar(255) COLLATE utf8mb4_unicode_ci NOT NULL,
  `file` varchar(255) COLLATE utf8mb4_unicode_ci NOT NULL,
  `folder` varchar(255) COLLATE utf8mb4_unicode_ci NOT NULL,
  `created_at` timestamp NULL DEFAULT NULL,
  `updated_at` timestamp NULL DEFAULT NULL,
  `status` tinyint(4) NOT NULL DEFAULT 0,
  `pages` double DEFAULT NULL,
  `kode_buku` varchar(255) COLLATE utf8mb4_unicode_ci DEFAULT NULL
) ENGINE=InnoDB DEFAULT CHARSET=utf8mb4 COLLATE=utf8mb4_unicode_ci;

--
-- Dumping data for table `books`
--

INSERT INTO `books` (`id`, `judul_buku`, `penerbit`, `file`, `folder`, `created_at`, `updated_at`, `status`, `pages`, `kode_buku`) VALUES
(5, 'test', 'test', 'file_pdf/kcTTtgv05lzFA47uTKs00v2rKGN0dajwkKUBwdjG.pdf', 'test', '2020-11-08 13:48:03', '2020-11-08 13:48:03', 0, 556, 'DFFa');

-- --------------------------------------------------------

--
-- Table structure for table `book_user`
--

CREATE TABLE `book_user` (
  `id_user` int(11) NOT NULL,
  `id_buku` int(11) NOT NULL
) ENGINE=InnoDB DEFAULT CHARSET=utf8mb4 COLLATE=utf8mb4_unicode_ci;

-- --------------------------------------------------------

--
-- Table structure for table `child_menu`
--

CREATE TABLE `child_menu` (
  `id` bigint(20) UNSIGNED NOT NULL,
  `url` varchar(255) COLLATE utf8mb4_unicode_ci NOT NULL,
  `icon` varchar(40) COLLATE utf8mb4_unicode_ci NOT NULL,
  `id_menu` bigint(20) NOT NULL,
  `created_at` timestamp NULL DEFAULT NULL,
  `updated_at` timestamp NULL DEFAULT NULL,
  `description` varchar(255) COLLATE utf8mb4_unicode_ci NOT NULL,
  `deleted_at` timestamp NULL DEFAULT NULL
) ENGINE=InnoDB DEFAULT CHARSET=utf8mb4 COLLATE=utf8mb4_unicode_ci;

--
-- Dumping data for table `child_menu`
--

INSERT INTO `child_menu` (`id`, `url`, `icon`, `id_menu`, `created_at`, `updated_at`, `description`, `deleted_at`) VALUES
(5, '/coba/coba', 'fal fa-laptop', 12, '2020-02-18 19:15:27', '2020-02-26 21:07:49', 'Coba aja', '2020-02-26 21:07:49'),
(6, '/mencoba-child', 'fal fa-file', 13, '2020-02-25 19:52:53', '2020-02-26 21:06:08', 'Mencoba', '2020-02-26 21:06:08'),
(7, '/abis', 'fal fa-save', 13, '2020-02-25 19:52:53', '2020-02-26 21:06:08', 'abis', '2020-02-26 21:06:08'),
(8, '/laporan-dasar', 'fal fa-file', 16, '2020-02-26 21:32:03', '2020-02-26 21:48:10', 'Laporan Dasar', '2020-02-26 21:48:10'),
(9, '/laporan-dua', 'fal fa-file', 16, '2020-02-26 21:32:03', '2020-02-26 21:48:10', 'Laporan 3', '2020-02-26 21:48:10'),
(10, '/laporan-satu', 'fal fa-file', 17, '2020-02-26 21:52:37', '2020-10-14 00:56:42', 'Laporan satu', '2020-10-14 00:56:42'),
(11, '/laporan-dua', 'fal fa-file', 17, '2020-02-26 21:52:37', '2020-10-14 00:56:42', 'Laporan dua', '2020-10-14 00:56:42'),
(12, '/my-book/activation', 'fal fa-key', 21, '2020-11-08 13:33:27', '2020-11-08 13:33:27', 'Activation', NULL);

-- --------------------------------------------------------

--
-- Table structure for table `deskripsis`
--

CREATE TABLE `deskripsis` (
  `id` bigint(20) UNSIGNED NOT NULL,
  `title` varchar(255) COLLATE utf8mb4_unicode_ci NOT NULL,
  `deskripsi` text COLLATE utf8mb4_unicode_ci NOT NULL,
  `id_buku` int(11) DEFAULT NULL,
  `created_at` timestamp NULL DEFAULT NULL,
  `updated_at` timestamp NULL DEFAULT NULL
) ENGINE=InnoDB DEFAULT CHARSET=utf8mb4 COLLATE=utf8mb4_unicode_ci;

--
-- Dumping data for table `deskripsis`
--

INSERT INTO `deskripsis` (`id`, `title`, `deskripsi`, `id_buku`, `created_at`, `updated_at`) VALUES
(1, 'fdsfs', '<p>fsdfs</p>', 5, '2020-11-08 13:48:03', '2020-11-08 13:48:03');

-- --------------------------------------------------------

--
-- Table structure for table `failed_jobs`
--

CREATE TABLE `failed_jobs` (
  `id` bigint(20) UNSIGNED NOT NULL,
  `connection` text COLLATE utf8mb4_unicode_ci NOT NULL,
  `queue` text COLLATE utf8mb4_unicode_ci NOT NULL,
  `payload` longtext COLLATE utf8mb4_unicode_ci NOT NULL,
  `exception` longtext COLLATE utf8mb4_unicode_ci NOT NULL,
  `failed_at` timestamp NOT NULL DEFAULT current_timestamp()
) ENGINE=InnoDB DEFAULT CHARSET=utf8mb4 COLLATE=utf8mb4_unicode_ci;

-- --------------------------------------------------------

--
-- Table structure for table `jobs`
--

CREATE TABLE `jobs` (
  `id` bigint(20) UNSIGNED NOT NULL,
  `queue` varchar(255) COLLATE utf8mb4_unicode_ci NOT NULL,
  `payload` longtext COLLATE utf8mb4_unicode_ci NOT NULL,
  `attempts` tinyint(3) UNSIGNED NOT NULL,
  `reserved_at` int(10) UNSIGNED DEFAULT NULL,
  `available_at` int(10) UNSIGNED NOT NULL,
  `created_at` int(10) UNSIGNED NOT NULL
) ENGINE=InnoDB DEFAULT CHARSET=utf8mb4 COLLATE=utf8mb4_unicode_ci;

-- --------------------------------------------------------

--
-- Table structure for table `master_data`
--

CREATE TABLE `master_data` (
  `id` bigint(20) UNSIGNED NOT NULL,
  `description` varchar(255) COLLATE utf8mb4_unicode_ci NOT NULL,
  `created_at` timestamp NULL DEFAULT NULL,
  `updated_at` timestamp NULL DEFAULT NULL,
  `deleted_at` timestamp NULL DEFAULT NULL
) ENGINE=InnoDB DEFAULT CHARSET=utf8mb4 COLLATE=utf8mb4_unicode_ci;

--
-- Dumping data for table `master_data`
--

INSERT INTO `master_data` (`id`, `description`, `created_at`, `updated_at`, `deleted_at`) VALUES
(3, 'Status Pernikahan', '2020-02-12 02:57:38', '2020-10-14 00:44:55', '2020-10-14 00:44:55'),
(4, 'Jabatan', '2020-02-12 08:30:59', '2020-02-12 08:30:59', NULL),
(5, 'Roles', '2020-02-12 21:16:36', '2020-02-12 21:16:36', NULL),
(6, 'Negara', '2020-02-26 21:04:47', '2020-02-26 21:05:07', '2020-02-26 21:05:07'),
(7, 'Hewan', '2020-02-26 21:50:57', '2020-10-14 00:44:00', '2020-10-14 00:44:00'),
(8, 'Kelas', '2020-03-02 19:18:05', '2020-10-14 00:42:39', '2020-10-14 00:42:39'),
(9, 'test', '2020-10-14 00:53:05', '2020-10-14 00:53:11', '2020-10-14 00:53:11'),
(10, 'sfsdf', '2020-10-14 00:53:31', '2020-10-14 00:59:32', '2020-10-14 00:59:32'),
(11, 'fsfd', '2020-10-14 00:59:38', '2020-10-14 01:15:40', '2020-10-14 01:15:40'),
(12, 'fsfd', '2020-10-14 01:16:26', '2020-10-14 01:19:30', '2020-10-14 01:19:30');

-- --------------------------------------------------------

--
-- Table structure for table `master_data_detail`
--

CREATE TABLE `master_data_detail` (
  `id` bigint(20) UNSIGNED NOT NULL,
  `description` varchar(255) COLLATE utf8mb4_unicode_ci NOT NULL,
  `id_master_data` bigint(20) NOT NULL,
  `created_at` timestamp NULL DEFAULT NULL,
  `updated_at` timestamp NULL DEFAULT NULL,
  `deleted_at` timestamp NULL DEFAULT NULL
) ENGINE=InnoDB DEFAULT CHARSET=utf8mb4 COLLATE=utf8mb4_unicode_ci;

--
-- Dumping data for table `master_data_detail`
--

INSERT INTO `master_data_detail` (`id`, `description`, `id_master_data`, `created_at`, `updated_at`, `deleted_at`) VALUES
(16, 'Janda', 3, '2020-02-12 20:53:07', '2020-10-14 00:44:55', '2020-10-14 00:44:55'),
(17, 'Duda', 3, '2020-02-12 20:53:07', '2020-10-14 00:44:55', '2020-10-14 00:44:55'),
(18, 'Lajang', 3, '2020-02-12 20:53:07', '2020-10-14 00:44:55', '2020-10-14 00:44:55'),
(19, 'Menikah', 3, '2020-02-12 20:53:07', '2020-10-14 00:44:55', '2020-10-14 00:44:55'),
(21, 'Programmer', 4, '2020-02-12 21:15:55', '2020-02-12 21:15:55', NULL),
(22, 'Admin', 5, '2020-02-12 21:16:36', '2020-02-12 21:16:36', NULL),
(23, 'Developer', 5, '2020-02-12 21:16:36', '2020-02-12 21:16:36', NULL),
(25, 'Users', 5, '2020-02-26 21:04:15', '2020-02-26 21:04:15', NULL),
(26, 'Indonesia', 6, '2020-02-26 21:04:47', '2020-02-26 21:05:07', '2020-02-26 21:05:07'),
(27, 'Malaysia', 6, '2020-02-26 21:04:47', '2020-02-26 21:05:07', '2020-02-26 21:05:07'),
(28, 'Hewan Air', 7, '2020-02-26 21:50:57', '2020-10-14 00:44:00', '2020-10-14 00:44:00'),
(29, 'Hewan Laut', 7, '2020-02-26 21:50:57', '2020-10-14 00:44:00', '2020-10-14 00:44:00'),
(30, 'Management', 5, '2020-02-26 23:03:49', '2020-02-26 23:03:49', NULL),
(31, 'Android Development', 8, '2020-03-02 19:18:05', '2020-10-14 00:42:39', '2020-10-14 00:42:39'),
(32, 'Web Development', 8, '2020-03-02 19:18:05', '2020-10-14 00:42:39', '2020-10-14 00:42:39'),
(33, 'Game Development', 8, '2020-03-02 19:18:05', '2020-10-14 00:42:39', '2020-10-14 00:42:39'),
(34, 'sdsfd', 9, '2020-10-14 00:53:05', '2020-10-14 00:53:11', '2020-10-14 00:53:11'),
(35, 'sfsdf', 10, '2020-10-14 00:53:31', '2020-10-14 00:59:31', '2020-10-14 00:59:31'),
(36, 'fsfd', 11, '2020-10-14 00:59:38', '2020-10-14 01:15:40', '2020-10-14 01:15:40'),
(37, 'fsfd', 12, '2020-10-14 01:16:26', '2020-10-14 01:19:30', '2020-10-14 01:19:30');

-- --------------------------------------------------------

--
-- Table structure for table `menu`
--

CREATE TABLE `menu` (
  `id` bigint(20) UNSIGNED NOT NULL,
  `url` varchar(255) COLLATE utf8mb4_unicode_ci NOT NULL,
  `status_child` tinyint(1) NOT NULL DEFAULT 0,
  `icon` varchar(40) COLLATE utf8mb4_unicode_ci NOT NULL,
  `created_at` timestamp NULL DEFAULT NULL,
  `updated_at` timestamp NULL DEFAULT NULL,
  `description` varchar(255) COLLATE utf8mb4_unicode_ci NOT NULL,
  `deleted_at` timestamp NULL DEFAULT NULL,
  `priority` double DEFAULT NULL
) ENGINE=InnoDB DEFAULT CHARSET=utf8mb4 COLLATE=utf8mb4_unicode_ci;

--
-- Dumping data for table `menu`
--

INSERT INTO `menu` (`id`, `url`, `status_child`, `icon`, `created_at`, `updated_at`, `description`, `deleted_at`, `priority`) VALUES
(1, '/menu', 0, 'fal fa-bars', '2020-02-16 04:07:22', '2020-02-16 04:07:22', 'Menu Management', NULL, NULL),
(3, '/dahsboard', 0, 'fal fa-window', '2020-02-16 06:39:01', '2020-02-25 23:33:59', 'Dashboard', NULL, 100000),
(4, '/report', 1, 'fal fa-file', '2020-02-16 07:07:40', '2020-02-18 00:03:45', 'Report', '2020-02-18 00:03:45', NULL),
(10, '/users', 0, 'fal fa-users', '2020-02-17 21:54:50', '2020-02-17 21:54:50', 'Users Management', NULL, NULL),
(11, '/role-management', 0, 'fal fa-users', '2020-02-17 23:31:44', '2020-02-26 21:05:59', 'Role Management', NULL, 12),
(12, '/mencoba', 1, 'fal fa-tv', '2020-02-18 19:15:27', '2020-02-26 21:07:49', 'Mencoba', '2020-02-26 21:07:49', NULL),
(13, '/mencoba-lagi', 1, 'fal fa-file', '2020-02-25 19:52:53', '2020-02-26 21:06:08', 'mencob', '2020-02-26 21:06:08', 100),
(14, '/masterdata', 0, 'far fa-sliders-v-square', '2020-02-26 20:57:57', '2020-02-26 20:57:57', 'Master Data', NULL, 1),
(15, '/lagi-cob', 0, 'far fa-car', '2020-02-26 21:06:43', '2020-02-26 21:07:39', 'Lagi Coba', '2020-02-26 21:07:39', 2),
(16, '/laporan', 1, 'fal fa-file', '2020-02-26 21:32:03', '2020-02-26 21:48:10', 'Laporan', '2020-02-26 21:48:10', 1),
(17, '/laporan', 1, 'fal fa-file', '2020-02-26 21:52:37', '2020-10-14 00:56:42', 'Laporan', '2020-10-14 00:56:42', 10),
(18, '/color', 0, 'fal fa-tint', '2020-10-14 00:41:35', '2020-10-14 00:41:35', 'Setting Color', NULL, 2),
(19, '/books', 0, 'fal fa-book', '2020-11-08 13:31:48', '2020-11-08 13:31:48', 'Management Books', NULL, 50),
(20, '/aktivasi', 0, 'fal fa-key', '2020-11-08 13:32:16', '2020-11-08 13:32:16', 'Management Activation', NULL, 49),
(21, '/my-book', 1, 'fal fa-book', '2020-11-08 13:33:27', '2020-11-08 13:33:27', 'My Books', NULL, 47);

-- --------------------------------------------------------

--
-- Table structure for table `migrations`
--

CREATE TABLE `migrations` (
  `id` int(10) UNSIGNED NOT NULL,
  `migration` varchar(255) COLLATE utf8mb4_unicode_ci NOT NULL,
  `batch` int(11) NOT NULL
) ENGINE=InnoDB DEFAULT CHARSET=utf8mb4 COLLATE=utf8mb4_unicode_ci;

--
-- Dumping data for table `migrations`
--

INSERT INTO `migrations` (`id`, `migration`, `batch`) VALUES
(1, '2014_10_12_000000_create_users_table', 1),
(2, '2014_10_12_100000_create_password_resets_table', 1),
(3, '2019_08_19_000000_create_failed_jobs_table', 1),
(4, '2020_02_11_020623_create_master_data_table', 1),
(5, '2020_02_11_020929_create_master_data_detail_table', 1),
(6, '2020_02_13_075923_create_menu_table', 2),
(7, '2020_02_13_080528_create_child_menu_table', 2),
(8, '2020_02_16_105844_edit_table_menu', 3),
(9, '2020_02_18_065944_tambah_soft_delete', 4),
(10, '2020_02_19_011506_create_table_role_menu', 5),
(11, '2020_02_26_061536_tambah_field_prioritas', 6),
(12, '2020_02_28_071726_foto_profile_users', 7),
(14, '2020_10_12_034151_create_table_books', 8),
(26, '2020_10_14_031957_create_settings_table', 9),
(33, '2020_11_08_123043_create_jobs_table', 9),
(36, '2020_11_03_173609_create_books_table', 10),
(37, '2020_11_03_173630_create_deskripsis_table', 10),
(38, '2020_11_03_174929_tambah_status_buku', 10),
(39, '2020_11_05_130354_tambah_table_book', 10),
(40, '2020_11_05_143442_create_aktivasis_table', 10),
(41, '2020_11_05_144702_create_aktivasi_details_table', 10),
(42, '2020_11_08_135254_edit_table_aktivasi', 10),
(43, '2020_11_08_185109_craete_table_books_user', 10);

-- --------------------------------------------------------

--
-- Table structure for table `password_resets`
--

CREATE TABLE `password_resets` (
  `email` varchar(255) COLLATE utf8mb4_unicode_ci NOT NULL,
  `token` varchar(255) COLLATE utf8mb4_unicode_ci NOT NULL,
  `created_at` timestamp NULL DEFAULT NULL
) ENGINE=InnoDB DEFAULT CHARSET=utf8mb4 COLLATE=utf8mb4_unicode_ci;

-- --------------------------------------------------------

--
-- Table structure for table `role_menu`
--

CREATE TABLE `role_menu` (
  `id` bigint(20) UNSIGNED NOT NULL,
  `id_role` int(11) NOT NULL,
  `parent_menu` varchar(255) COLLATE utf8mb4_unicode_ci DEFAULT NULL,
  `child_menu` varchar(255) COLLATE utf8mb4_unicode_ci DEFAULT NULL,
  `created_at` timestamp NULL DEFAULT NULL,
  `updated_at` timestamp NULL DEFAULT NULL
) ENGINE=InnoDB DEFAULT CHARSET=utf8mb4 COLLATE=utf8mb4_unicode_ci;

--
-- Dumping data for table `role_menu`
--

INSERT INTO `role_menu` (`id`, `id_role`, `parent_menu`, `child_menu`, `created_at`, `updated_at`) VALUES
(1, 22, '[1,3,10,11,12,13]', '[5,6,7]', '2020-02-18 19:29:38', '2020-02-25 22:00:52'),
(3, 23, '[1,3,10,11,14,17,18,19,20,21]', '[10,11,12]', '2020-02-18 21:33:17', '2020-11-08 13:33:39'),
(5, 30, '[1,11]', '[]', '2020-02-26 23:04:00', '2020-02-28 00:12:24');

-- --------------------------------------------------------

--
-- Table structure for table `settings`
--

CREATE TABLE `settings` (
  `id` bigint(20) UNSIGNED NOT NULL,
  `color` varchar(255) COLLATE utf8mb4_unicode_ci NOT NULL,
  `created_at` timestamp NULL DEFAULT NULL,
  `updated_at` timestamp NULL DEFAULT NULL
) ENGINE=InnoDB DEFAULT CHARSET=utf8mb4 COLLATE=utf8mb4_unicode_ci;

--
-- Dumping data for table `settings`
--

INSERT INTO `settings` (`id`, `color`, `created_at`, `updated_at`) VALUES
(1, '#0097A7', NULL, NULL);

-- --------------------------------------------------------

--
-- Table structure for table `users`
--

CREATE TABLE `users` (
  `id` bigint(20) UNSIGNED NOT NULL,
  `name` varchar(255) COLLATE utf8mb4_unicode_ci NOT NULL,
  `email` varchar(255) COLLATE utf8mb4_unicode_ci NOT NULL,
  `email_verified_at` timestamp NULL DEFAULT NULL,
  `password` varchar(255) COLLATE utf8mb4_unicode_ci NOT NULL,
  `id_role` int(11) NOT NULL,
  `remember_token` varchar(100) COLLATE utf8mb4_unicode_ci DEFAULT NULL,
  `created_at` timestamp NULL DEFAULT NULL,
  `updated_at` timestamp NULL DEFAULT NULL,
  `deleted_at` timestamp NULL DEFAULT NULL,
  `foto` varchar(255) COLLATE utf8mb4_unicode_ci DEFAULT NULL
) ENGINE=InnoDB DEFAULT CHARSET=utf8mb4 COLLATE=utf8mb4_unicode_ci;

--
-- Dumping data for table `users`
--

INSERT INTO `users` (`id`, `name`, `email`, `email_verified_at`, `password`, `id_role`, `remember_token`, `created_at`, `updated_at`, `deleted_at`, `foto`) VALUES
(1, 'Jabir d', 'admin@admin.com', NULL, '$2y$10$bBaokrSMdctLtaS/Ca4C8Og2RMY0pVL2UPISksFc0n1AkNqpA8aKa', 23, NULL, '2020-02-25 08:30:34', '2020-11-03 10:28:58', NULL, 'foto_profile/vRNW4GT3MyWQIkAZzbBd7LIdOFnoFTJPS9LHimIz.png'),
(7, 'test', 'fafes@gmail.com', NULL, '$2y$10$Ajnsl679X0v6ZxTppQUfLOITmnNmFy/.dn.CNMRWOHYGE0ehkK7.u', 22, NULL, '2020-02-27 01:11:42', '2020-02-27 07:47:11', '2020-02-27 07:47:11', NULL),
(8, 'management', 'management@gmail.com', NULL, '$2y$10$5H6YUp9KHKywJ5Nln3DWVuyOSRekn7UacdDAcG1fxqI7k.tgIjSMO', 30, NULL, '2020-02-27 07:49:36', '2020-02-28 00:12:41', NULL, NULL),
(9, 'sdfsdfs', 'adin@adm.com', NULL, '$2y$10$CoZ6rXcI/jV/.slt9JkzO.AMvQtpeSGtRG.THDpkWyk6V/HtAH/RW', 22, NULL, '2020-10-14 19:19:04', '2020-10-14 19:19:04', NULL, NULL),
(10, 'Admina Lingkar', 'admin@lingkarsolusi.com', NULL, '$2y$10$xqKlwD1ZsLpN7fu1VRcC/efbn/kUx.OXskHYd2wBQfLpCsH1zyDri', 23, NULL, '2020-11-08 13:24:07', '2020-11-08 13:24:07', NULL, NULL);

--
-- Indexes for dumped tables
--

--
-- Indexes for table `aktivasis`
--
ALTER TABLE `aktivasis`
  ADD PRIMARY KEY (`id`),
  ADD KEY `aktivasis_id_buku_index` (`id_buku`);

--
-- Indexes for table `aktivasi_details`
--
ALTER TABLE `aktivasi_details`
  ADD PRIMARY KEY (`id`),
  ADD UNIQUE KEY `aktivasi_details_kode_unique` (`kode`),
  ADD KEY `aktivasi_details_id_aktivasi_index` (`id_aktivasi`),
  ADD KEY `aktivasi_details_id_user_index` (`id_user`);

--
-- Indexes for table `books`
--
ALTER TABLE `books`
  ADD PRIMARY KEY (`id`),
  ADD KEY `books_kode_buku_index` (`kode_buku`);

--
-- Indexes for table `book_user`
--
ALTER TABLE `book_user`
  ADD KEY `book_user_id_user_index` (`id_user`),
  ADD KEY `book_user_id_buku_index` (`id_buku`);

--
-- Indexes for table `child_menu`
--
ALTER TABLE `child_menu`
  ADD PRIMARY KEY (`id`),
  ADD KEY `child_menu_id_menu_index` (`id_menu`);

--
-- Indexes for table `deskripsis`
--
ALTER TABLE `deskripsis`
  ADD PRIMARY KEY (`id`);

--
-- Indexes for table `failed_jobs`
--
ALTER TABLE `failed_jobs`
  ADD PRIMARY KEY (`id`);

--
-- Indexes for table `jobs`
--
ALTER TABLE `jobs`
  ADD PRIMARY KEY (`id`),
  ADD KEY `jobs_queue_index` (`queue`);

--
-- Indexes for table `master_data`
--
ALTER TABLE `master_data`
  ADD PRIMARY KEY (`id`),
  ADD KEY `master_data_description_index` (`description`);

--
-- Indexes for table `master_data_detail`
--
ALTER TABLE `master_data_detail`
  ADD PRIMARY KEY (`id`),
  ADD KEY `master_data_detail_description_index` (`description`),
  ADD KEY `master_data_detail_id_master_data_index` (`id_master_data`);

--
-- Indexes for table `menu`
--
ALTER TABLE `menu`
  ADD PRIMARY KEY (`id`);

--
-- Indexes for table `migrations`
--
ALTER TABLE `migrations`
  ADD PRIMARY KEY (`id`);

--
-- Indexes for table `password_resets`
--
ALTER TABLE `password_resets`
  ADD KEY `password_resets_email_index` (`email`);

--
-- Indexes for table `role_menu`
--
ALTER TABLE `role_menu`
  ADD PRIMARY KEY (`id`),
  ADD KEY `role_menu_id_role_index` (`id_role`);

--
-- Indexes for table `settings`
--
ALTER TABLE `settings`
  ADD PRIMARY KEY (`id`);

--
-- Indexes for table `users`
--
ALTER TABLE `users`
  ADD PRIMARY KEY (`id`),
  ADD UNIQUE KEY `users_email_unique` (`email`),
  ADD KEY `users_id_role_index` (`id_role`);

--
-- AUTO_INCREMENT for dumped tables
--

--
-- AUTO_INCREMENT for table `aktivasis`
--
ALTER TABLE `aktivasis`
  MODIFY `id` bigint(20) UNSIGNED NOT NULL AUTO_INCREMENT, AUTO_INCREMENT=2;

--
-- AUTO_INCREMENT for table `aktivasi_details`
--
ALTER TABLE `aktivasi_details`
  MODIFY `id` bigint(20) UNSIGNED NOT NULL AUTO_INCREMENT, AUTO_INCREMENT=1001;

--
-- AUTO_INCREMENT for table `books`
--
ALTER TABLE `books`
  MODIFY `id` bigint(20) UNSIGNED NOT NULL AUTO_INCREMENT, AUTO_INCREMENT=6;

--
-- AUTO_INCREMENT for table `child_menu`
--
ALTER TABLE `child_menu`
  MODIFY `id` bigint(20) UNSIGNED NOT NULL AUTO_INCREMENT, AUTO_INCREMENT=13;

--
-- AUTO_INCREMENT for table `deskripsis`
--
ALTER TABLE `deskripsis`
  MODIFY `id` bigint(20) UNSIGNED NOT NULL AUTO_INCREMENT, AUTO_INCREMENT=2;

--
-- AUTO_INCREMENT for table `failed_jobs`
--
ALTER TABLE `failed_jobs`
  MODIFY `id` bigint(20) UNSIGNED NOT NULL AUTO_INCREMENT;

--
-- AUTO_INCREMENT for table `jobs`
--
ALTER TABLE `jobs`
  MODIFY `id` bigint(20) UNSIGNED NOT NULL AUTO_INCREMENT;

--
-- AUTO_INCREMENT for table `master_data`
--
ALTER TABLE `master_data`
  MODIFY `id` bigint(20) UNSIGNED NOT NULL AUTO_INCREMENT, AUTO_INCREMENT=13;

--
-- AUTO_INCREMENT for table `master_data_detail`
--
ALTER TABLE `master_data_detail`
  MODIFY `id` bigint(20) UNSIGNED NOT NULL AUTO_INCREMENT, AUTO_INCREMENT=38;

--
-- AUTO_INCREMENT for table `menu`
--
ALTER TABLE `menu`
  MODIFY `id` bigint(20) UNSIGNED NOT NULL AUTO_INCREMENT, AUTO_INCREMENT=22;

--
-- AUTO_INCREMENT for table `migrations`
--
ALTER TABLE `migrations`
  MODIFY `id` int(10) UNSIGNED NOT NULL AUTO_INCREMENT, AUTO_INCREMENT=44;

--
-- AUTO_INCREMENT for table `role_menu`
--
ALTER TABLE `role_menu`
  MODIFY `id` bigint(20) UNSIGNED NOT NULL AUTO_INCREMENT, AUTO_INCREMENT=6;

--
-- AUTO_INCREMENT for table `settings`
--
ALTER TABLE `settings`
  MODIFY `id` bigint(20) UNSIGNED NOT NULL AUTO_INCREMENT, AUTO_INCREMENT=2;

--
-- AUTO_INCREMENT for table `users`
--
ALTER TABLE `users`
  MODIFY `id` bigint(20) UNSIGNED NOT NULL AUTO_INCREMENT, AUTO_INCREMENT=11;
COMMIT;

/*!40101 SET CHARACTER_SET_CLIENT=@OLD_CHARACTER_SET_CLIENT */;
/*!40101 SET CHARACTER_SET_RESULTS=@OLD_CHARACTER_SET_RESULTS */;
/*!40101 SET COLLATION_CONNECTION=@OLD_COLLATION_CONNECTION */;
